criterion,criterion_value,mode,scorer,seed,alpha,topk,smooth,beta,hyst_mult,head,TEST_Accuracy,TEST_Precision,TEST_Recall,TEST_F1,TEST_ROC-AUC,TEST_PR-AUC,TESTOP_Accuracy,TESTOP_F1,TESTACC_Accuracy,TESTACC_F1,TESTHY_Accuracy,TESTHY_F1,TEST_EventRecall
TEST_Accuracy,0.9326007326007326,fused,hybrid,2024,0.0,1.0,5,0.0,1,"{""kind"": ""logreg"", ""C"": 0.05}",0.9326007326007326,0.747093023255814,0.40793650793650793,0.5277207392197125,0.7291581792792446,0.5144105698599363,0.9290842490842491,0.5198412698412699,0.9374358974358974,0.5302530253025303,0.9290842490842491,0.5198412698412699,0.5263157894736842
TESTACC_Accuracy,0.9374358974358974,fused,hybrid,2024,0.0,1.0,5,0.0,1,"{""kind"": ""logreg"", ""C"": 0.05}",0.9326007326007326,0.747093023255814,0.40793650793650793,0.5277207392197125,0.7291581792792446,0.5144105698599363,0.9290842490842491,0.5198412698412699,0.9374358974358974,0.5302530253025303,0.9290842490842491,0.5198412698412699,0.5263157894736842
TESTOP_Accuracy,0.9356581532416502,fused,hybrid,7,0.0,5.0,2,0.0,1,"{""kind"": ""logreg"", ""C"": 0.05}",0.907825802226588,1.0,0.10917721518987342,0.19686162624821682,0.888233234089375,0.6738155861405859,0.9356581532416502,0.608955223880597,0.9356581532416502,0.608955223880597,0.9356581532416502,0.608955223880597,0.11764705882352941
TESTHY_Accuracy,0.9356581532416502,fused,hybrid,7,0.0,5.0,2,0.0,1,"{""kind"": ""logreg"", ""C"": 0.05}",0.907825802226588,1.0,0.10917721518987342,0.19686162624821682,0.888233234089375,0.6738155861405859,0.9356581532416502,0.608955223880597,0.9356581532416502,0.608955223880597,0.9356581532416502,0.608955223880597,0.11764705882352941
TEST_F1,0.5277207392197125,fused,hybrid,2024,0.0,1.0,5,0.0,1,"{""kind"": ""logreg"", ""C"": 0.05}",0.9326007326007326,0.747093023255814,0.40793650793650793,0.5277207392197125,0.7291581792792446,0.5144105698599363,0.9290842490842491,0.5198412698412699,0.9374358974358974,0.5302530253025303,0.9290842490842491,0.5198412698412699,0.5263157894736842
TESTOP_F1,0.608955223880597,fused,hybrid,7,0.0,5.0,2,0.0,1,"{""kind"": ""logreg"", ""C"": 0.05}",0.907825802226588,1.0,0.10917721518987342,0.19686162624821682,0.888233234089375,0.6738155861405859,0.9356581532416502,0.608955223880597,0.9356581532416502,0.608955223880597,0.9356581532416502,0.608955223880597,0.11764705882352941
TESTACC_F1,0.608955223880597,fused,hybrid,7,0.0,5.0,2,0.0,1,"{""kind"": ""logreg"", ""C"": 0.05}",0.907825802226588,1.0,0.10917721518987342,0.19686162624821682,0.888233234089375,0.6738155861405859,0.9356581532416502,0.608955223880597,0.9356581532416502,0.608955223880597,0.9356581532416502,0.608955223880597,0.11764705882352941
TESTHY_F1,0.608955223880597,fused,hybrid,7,0.0,5.0,2,0.0,1,"{""kind"": ""logreg"", ""C"": 0.05}",0.907825802226588,1.0,0.10917721518987342,0.19686162624821682,0.888233234089375,0.6738155861405859,0.9356581532416502,0.608955223880597,0.9356581532416502,0.608955223880597,0.9356581532416502,0.608955223880597,0.11764705882352941
TEST_ROC-AUC,0.888233234089375,fused,hybrid,7,0.0,5.0,2,0.0,1,"{""kind"": ""logreg"", ""C"": 0.05}",0.907825802226588,1.0,0.10917721518987342,0.19686162624821682,0.888233234089375,0.6738155861405859,0.9356581532416502,0.608955223880597,0.9356581532416502,0.608955223880597,0.9356581532416502,0.608955223880597,0.11764705882352941
TEST_PR-AUC,0.6738155861405859,fused,hybrid,7,0.0,5.0,2,0.0,1,"{""kind"": ""logreg"", ""C"": 0.05}",0.907825802226588,1.0,0.10917721518987342,0.19686162624821682,0.888233234089375,0.6738155861405859,0.9356581532416502,0.608955223880597,0.9356581532416502,0.608955223880597,0.9356581532416502,0.608955223880597,0.11764705882352941
TEST_Accuracy,0.9295238095238095,fused,semisup,2024,,,2,1.0,1,"{""kind"": ""logreg"", ""C"": 0.05}",0.9295238095238095,0.7475083056478405,0.35714285714285715,0.4833512352309345,0.6711892591311477,0.44877893857741424,0.9065201465201466,0.43439716312056736,0.9227838827838828,0.4671385237613751,0.9065201465201466,0.43439716312056736,0.47368421052631576
TESTACC_Accuracy,0.9282907662082515,fused,semisup,7,,,5,1.0,1,"{""kind"": ""logreg"", ""C"": 0.05}",0.9094629993451212,0.9340659340659341,0.13449367088607594,0.2351313969571231,0.8289263968895341,0.628055121688017,0.9282907662082515,0.5089686098654709,0.9282907662082515,0.5089686098654709,0.9282907662082515,0.5089686098654709,0.17647058823529413
TESTOP_Accuracy,0.9282907662082515,fused,semisup,7,,,5,1.0,1,"{""kind"": ""logreg"", ""C"": 0.05}",0.9094629993451212,0.9340659340659341,0.13449367088607594,0.2351313969571231,0.8289263968895341,0.628055121688017,0.9282907662082515,0.5089686098654709,0.9282907662082515,0.5089686098654709,0.9282907662082515,0.5089686098654709,0.17647058823529413
TESTHY_Accuracy,0.9282907662082515,fused,semisup,7,,,5,1.0,1,"{""kind"": ""logreg"", ""C"": 0.05}",0.9094629993451212,0.9340659340659341,0.13449367088607594,0.2351313969571231,0.8289263968895341,0.628055121688017,0.9282907662082515,0.5089686098654709,0.9282907662082515,0.5089686098654709,0.9282907662082515,0.5089686098654709,0.17647058823529413
TEST_F1,0.4833512352309345,fused,semisup,2024,,,2,1.0,1,"{""kind"": ""logreg"", ""C"": 0.05}",0.9295238095238095,0.7475083056478405,0.35714285714285715,0.4833512352309345,0.6711892591311477,0.44877893857741424,0.9065201465201466,0.43439716312056736,0.9227838827838828,0.4671385237613751,0.9065201465201466,0.43439716312056736,0.47368421052631576
TESTOP_F1,0.5216,fused,semisup,42,,,3,1.0,1,"{""kind"": ""logreg"", ""C"": 0.05}",0.9167484461890743,0.7044673539518901,0.32643312101910826,0.44613710554951036,0.7053910823381346,0.492357946400088,0.9021916912005233,0.5216,0.9142950605168466,0.2975871313672922,0.9021916912005233,0.5216,0.625
TESTACC_F1,0.5089686098654709,fused,semisup,7,,,5,1.0,1,"{""kind"": ""logreg"", ""C"": 0.05}",0.9094629993451212,0.9340659340659341,0.13449367088607594,0.2351313969571231,0.8289263968895341,0.628055121688017,0.9282907662082515,0.5089686098654709,0.9282907662082515,0.5089686098654709,0.9282907662082515,0.5089686098654709,0.17647058823529413
TESTHY_F1,0.5216,fused,semisup,42,,,3,1.0,1,"{""kind"": ""logreg"", ""C"": 0.05}",0.9167484461890743,0.7044673539518901,0.32643312101910826,0.44613710554951036,0.7053910823381346,0.492357946400088,0.9021916912005233,0.5216,0.9142950605168466,0.2975871313672922,0.9021916912005233,0.5216,0.625
TEST_ROC-AUC,0.8289263968895341,fused,semisup,7,,,5,1.0,1,"{""kind"": ""logreg"", ""C"": 0.05}",0.9094629993451212,0.9340659340659341,0.13449367088607594,0.2351313969571231,0.8289263968895341,0.628055121688017,0.9282907662082515,0.5089686098654709,0.9282907662082515,0.5089686098654709,0.9282907662082515,0.5089686098654709,0.17647058823529413
TEST_PR-AUC,0.628055121688017,fused,semisup,7,,,5,1.0,1,"{""kind"": ""logreg"", ""C"": 0.05}",0.9094629993451212,0.9340659340659341,0.13449367088607594,0.2351313969571231,0.8289263968895341,0.628055121688017,0.9282907662082515,0.5089686098654709,0.9282907662082515,0.5089686098654709,0.9282907662082515,0.5089686098654709,0.17647058823529413
TEST_Accuracy,0.9326007326007326,fused,unsup,2024,0.0,1.0,5,0.0,1,"{""kind"": ""logreg"", ""C"": 0.05}",0.9326007326007326,0.747093023255814,0.40793650793650793,0.5277207392197125,0.7291581792792446,0.5144105698599363,0.9290842490842491,0.5198412698412699,0.9374358974358974,0.5302530253025303,0.9290842490842491,0.5198412698412699,0.5263157894736842
TESTACC_Accuracy,0.9374358974358974,fused,unsup,2024,0.0,1.0,5,0.0,1,"{""kind"": ""logreg"", ""C"": 0.05}",0.9326007326007326,0.747093023255814,0.40793650793650793,0.5277207392197125,0.7291581792792446,0.5144105698599363,0.9290842490842491,0.5198412698412699,0.9374358974358974,0.5302530253025303,0.9290842490842491,0.5198412698412699,0.5263157894736842
TESTOP_Accuracy,0.9356581532416502,fused,unsup,7,0.0,5.0,2,0.0,1,"{""kind"": ""logreg"", ""C"": 0.05}",0.907825802226588,1.0,0.10917721518987342,0.19686162624821682,0.888233234089375,0.6738155861405859,0.9356581532416502,0.608955223880597,0.9356581532416502,0.608955223880597,0.9356581532416502,0.608955223880597,0.11764705882352941
TESTHY_Accuracy,0.9356581532416502,fused,unsup,7,0.0,5.0,2,0.0,1,"{""kind"": ""logreg"", ""C"": 0.05}",0.907825802226588,1.0,0.10917721518987342,0.19686162624821682,0.888233234089375,0.6738155861405859,0.9356581532416502,0.608955223880597,0.9356581532416502,0.608955223880597,0.9356581532416502,0.608955223880597,0.11764705882352941
TEST_F1,0.5277207392197125,fused,unsup,2024,0.0,1.0,5,0.0,1,"{""kind"": ""logreg"", ""C"": 0.05}",0.9326007326007326,0.747093023255814,0.40793650793650793,0.5277207392197125,0.7291581792792446,0.5144105698599363,0.9290842490842491,0.5198412698412699,0.9374358974358974,0.5302530253025303,0.9290842490842491,0.5198412698412699,0.5263157894736842
TESTOP_F1,0.608955223880597,fused,unsup,7,0.0,5.0,2,0.0,1,"{""kind"": ""logreg"", ""C"": 0.05}",0.907825802226588,1.0,0.10917721518987342,0.19686162624821682,0.888233234089375,0.6738155861405859,0.9356581532416502,0.608955223880597,0.9356581532416502,0.608955223880597,0.9356581532416502,0.608955223880597,0.11764705882352941
TESTACC_F1,0.608955223880597,fused,unsup,7,0.0,5.0,2,0.0,1,"{""kind"": ""logreg"", ""C"": 0.05}",0.907825802226588,1.0,0.10917721518987342,0.19686162624821682,0.888233234089375,0.6738155861405859,0.9356581532416502,0.608955223880597,0.9356581532416502,0.608955223880597,0.9356581532416502,0.608955223880597,0.11764705882352941
TESTHY_F1,0.608955223880597,fused,unsup,7,0.0,5.0,2,0.0,1,"{""kind"": ""logreg"", ""C"": 0.05}",0.907825802226588,1.0,0.10917721518987342,0.19686162624821682,0.888233234089375,0.6738155861405859,0.9356581532416502,0.608955223880597,0.9356581532416502,0.608955223880597,0.9356581532416502,0.608955223880597,0.11764705882352941
TEST_ROC-AUC,0.888233234089375,fused,unsup,7,0.0,5.0,2,0.0,1,"{""kind"": ""logreg"", ""C"": 0.05}",0.907825802226588,1.0,0.10917721518987342,0.19686162624821682,0.888233234089375,0.6738155861405859,0.9356581532416502,0.608955223880597,0.9356581532416502,0.608955223880597,0.9356581532416502,0.608955223880597,0.11764705882352941
TEST_PR-AUC,0.6738155861405859,fused,unsup,7,0.0,5.0,2,0.0,1,"{""kind"": ""logreg"", ""C"": 0.05}",0.907825802226588,1.0,0.10917721518987342,0.19686162624821682,0.888233234089375,0.6738155861405859,0.9356581532416502,0.608955223880597,0.9356581532416502,0.608955223880597,0.9356581532416502,0.608955223880597,0.11764705882352941
TEST_Accuracy,0.8967893270781411,net_only,hybrid,31337,1.0,20.0,40,1.0,1,"{""kind"": ""logreg"", ""C"": 0.05}",0.8967893270781411,0.0,0.0,0.0,0.2838795500283233,0.0636858125573835,0.4747104530127547,0.08573615718295484,0.9069051458730392,0.0,0.4747104530127547,0.08573615718295484,0.0
TESTACC_Accuracy,0.9069051458730392,net_only,hybrid,31337,1.0,20.0,40,1.0,1,"{""kind"": ""logreg"", ""C"": 0.05}",0.8967893270781411,0.0,0.0,0.0,0.2838795500283233,0.0636858125573835,0.4747104530127547,0.08573615718295484,0.9069051458730392,0.0,0.4747104530127547,0.08573615718295484,0.0
TESTOP_Accuracy,0.8955468238375901,net_only,hybrid,7,1.0,20.0,2,0.9,1,"{""kind"": ""logreg"", ""C"": 1.0}",0.8963654223968566,0.0,0.0,0.0,0.467479062838069,0.12788348190253593,0.8955468238375901,0.07803468208092486,0.8963654223968566,0.0,0.8955468238375901,0.07803468208092486,0.0
TESTHY_Accuracy,0.8955468238375901,net_only,hybrid,7,1.0,20.0,2,0.9,1,"{""kind"": ""logreg"", ""C"": 1.0}",0.8963654223968566,0.0,0.0,0.0,0.467479062838069,0.12788348190253593,0.8955468238375901,0.07803468208092486,0.8963654223968566,0.0,0.8955468238375901,0.07803468208092486,0.0
TEST_F1,0.07491486946651532,net_only,hybrid,2024,1.0,20.0,20,1.0,1,"{""kind"": ""logreg"", ""C"": 0.05}",0.8805860805860806,0.13147410358565736,0.05238095238095238,0.07491486946651532,0.3977996848456897,0.08064706371136171,0.7345054945054945,0.11089303238469088,0.8282783882783883,0.10397553516819572,0.7345054945054945,0.11089303238469088,0.15789473684210525
TESTOP_F1,0.17173913043478262,net_only,hybrid,42,1.0,20.0,30,0.0,1,"{""kind"": ""logreg"", ""C"": 1.0}",0.8959764474975466,0.0,0.0,0.0,0.43959697063283265,0.11177756944621346,0.6261040235525025,0.17173913043478262,0.8972849198560681,0.0,0.6261040235525025,0.17173913043478262,0.0
TESTACC_F1,0.10397553516819572,net_only,hybrid,2024,1.0,20.0,20,1.0,1,"{""kind"": ""logreg"", ""C"": 0.05}",0.8805860805860806,0.13147410358565736,0.05238095238095238,0.07491486946651532,0.3977996848456897,0.08064706371136171,0.7345054945054945,0.11089303238469088,0.8282783882783883,0.10397553516819572,0.7345054945054945,0.11089303238469088,0.15789473684210525
TESTHY_F1,0.17173913043478262,net_only,hybrid,42,1.0,20.0,30,0.0,1,"{""kind"": ""logreg"", ""C"": 1.0}",0.8959764474975466,0.0,0.0,0.0,0.43959697063283265,0.11177756944621346,0.6261040235525025,0.17173913043478262,0.8972849198560681,0.0,0.6261040235525025,0.17173913043478262,0.0
TEST_ROC-AUC,0.467479062838069,net_only,hybrid,7,1.0,20.0,2,0.9,1,"{""kind"": ""logreg"", ""C"": 1.0}",0.8963654223968566,0.0,0.0,0.0,0.467479062838069,0.12788348190253593,0.8955468238375901,0.07803468208092486,0.8963654223968566,0.0,0.8955468238375901,0.07803468208092486,0.0
TEST_PR-AUC,0.12788348190253593,net_only,hybrid,7,1.0,20.0,2,0.9,1,"{""kind"": ""logreg"", ""C"": 1.0}",0.8963654223968566,0.0,0.0,0.0,0.467479062838069,0.12788348190253593,0.8955468238375901,0.07803468208092486,0.8963654223968566,0.0,0.8955468238375901,0.07803468208092486,0.0
TEST_Accuracy,0.8967893270781411,net_only,semisup,31337,,,40,1.0,1,"{""kind"": ""logreg"", ""C"": 0.05}",0.8967893270781411,0.0,0.0,0.0,0.2838795500283233,0.0636858125573835,0.4747104530127547,0.08573615718295484,0.9069051458730392,0.0,0.4747104530127547,0.08573615718295484,0.0
TESTACC_Accuracy,0.9069051458730392,net_only,semisup,31337,,,40,1.0,1,"{""kind"": ""logreg"", ""C"": 0.05}",0.8967893270781411,0.0,0.0,0.0,0.2838795500283233,0.0636858125573835,0.4747104530127547,0.08573615718295484,0.9069051458730392,0.0,0.4747104530127547,0.08573615718295484,0.0
TESTOP_Accuracy,0.8901440733464309,net_only,semisup,7,,,20,1.0,1,"{""kind"": ""logreg"", ""C"": 1.0}",0.8966928618205632,0.5454545454545454,0.00949367088607595,0.01866251944012442,0.41168467582361695,0.14343965863305724,0.8901440733464309,0.14955640050697086,0.8965291421087099,0.0,0.8901440733464309,0.14955640050697086,0.058823529411764705
TESTHY_Accuracy,0.8901440733464309,net_only,semisup,7,,,20,1.0,1,"{""kind"": ""logreg"", ""C"": 1.0}",0.8966928618205632,0.5454545454545454,0.00949367088607595,0.01866251944012442,0.41168467582361695,0.14343965863305724,0.8901440733464309,0.14955640050697086,0.8965291421087099,0.0,0.8901440733464309,0.14955640050697086,0.058823529411764705
TEST_F1,0.07491486946651532,net_only,semisup,2024,,,20,1.0,1,"{""kind"": ""logreg"", ""C"": 0.05}",0.8805860805860806,0.13147410358565736,0.05238095238095238,0.07491486946651532,0.3977996848456897,0.08064706371136171,0.7345054945054945,0.11089303238469088,0.8282783882783883,0.10397553516819572,0.7345054945054945,0.11089303238469088,0.15789473684210525
TESTOP_F1,0.18389766741911212,net_only,semisup,42,,,20,1.0,1,"{""kind"": ""logreg"", ""C"": 1.0}",0.8961400065423618,0.41025641025641024,0.025477707006369428,0.047976011994003,0.5394971798509698,0.20876673319769937,0.1130192999672882,0.18389766741911212,0.8984298331697743,0.04900459418070444,0.1130192999672882,0.18389766741911212,0.0625
TESTACC_F1,0.10397553516819572,net_only,semisup,2024,,,20,1.0,1,"{""kind"": ""logreg"", ""C"": 0.05}",0.8805860805860806,0.13147410358565736,0.05238095238095238,0.07491486946651532,0.3977996848456897,0.08064706371136171,0.7345054945054945,0.11089303238469088,0.8282783882783883,0.10397553516819572,0.7345054945054945,0.11089303238469088,0.15789473684210525
TESTHY_F1,0.18389766741911212,net_only,semisup,42,,,20,1.0,1,"{""kind"": ""logreg"", ""C"": 1.0}",0.8961400065423618,0.41025641025641024,0.025477707006369428,0.047976011994003,0.5394971798509698,0.20876673319769937,0.1130192999672882,0.18389766741911212,0.8984298331697743,0.04900459418070444,0.1130192999672882,0.18389766741911212,0.0625
TEST_ROC-AUC,0.5394971798509698,net_only,semisup,42,,,20,1.0,1,"{""kind"": ""logreg"", ""C"": 1.0}",0.8961400065423618,0.41025641025641024,0.025477707006369428,0.047976011994003,0.5394971798509698,0.20876673319769937,0.1130192999672882,0.18389766741911212,0.8984298331697743,0.04900459418070444,0.1130192999672882,0.18389766741911212,0.0625
TEST_PR-AUC,0.20876673319769937,net_only,semisup,42,,,20,1.0,1,"{""kind"": ""logreg"", ""C"": 1.0}",0.8961400065423618,0.41025641025641024,0.025477707006369428,0.047976011994003,0.5394971798509698,0.20876673319769937,0.1130192999672882,0.18389766741911212,0.8984298331697743,0.04900459418070444,0.1130192999672882,0.18389766741911212,0.0625
TEST_Accuracy,0.8965291421087099,net_only,unsup,7,1.0,20.0,40,0.0,1,"{""kind"": ""logreg"", ""C"": 1.0}",0.8965291421087099,0.0,0.0,0.0,0.5432606956939834,0.14099559922253307,0.6242632612966601,0.24082037710883228,0.8965291421087099,0.0,0.6242632612966601,0.24082037710883228,0.0
TESTACC_Accuracy,0.9049992669696525,net_only,unsup,31337,1.0,20.0,5,0.0,1,"{""kind"": ""logreg"", ""C"": 0.05}",0.8482627180765284,0.012165450121654502,0.007886435331230283,0.009569377990430622,0.6412469872975747,0.1431830284841613,0.1309192200557103,0.17552155771905426,0.9049992669696525,0.0,0.1309192200557103,0.17552155771905426,0.1111111111111111
TESTOP_Accuracy,0.7748822143698468,net_only,unsup,123,1.0,20.0,30,0.0,1,"{""kind"": ""gbm"", ""lr"": 0.1, ""leaves"": 15, ""max_iter"": 200, ""l2"": 5.0}",0.8442285041224971,0.046610169491525424,0.03492063492063492,0.039927404718693285,0.48051060519414945,0.09355820662418671,0.7748822143698468,0.18799787573021773,0.8791224970553593,0.0,0.7748822143698468,0.18799787573021773,0.11764705882352941
TESTHY_Accuracy,0.7748822143698468,net_only,unsup,123,1.0,20.0,30,0.0,1,"{""kind"": ""gbm"", ""lr"": 0.1, ""leaves"": 15, ""max_iter"": 200, ""l2"": 5.0}",0.8442285041224971,0.046610169491525424,0.03492063492063492,0.039927404718693285,0.48051060519414945,0.09355820662418671,0.7748822143698468,0.18799787573021773,0.8791224970553593,0.0,0.7748822143698468,0.18799787573021773,0.11764705882352941
TEST_F1,0.039927404718693285,net_only,unsup,123,1.0,20.0,30,0.0,1,"{""kind"": ""gbm"", ""lr"": 0.1, ""leaves"": 15, ""max_iter"": 200, ""l2"": 5.0}",0.8442285041224971,0.046610169491525424,0.03492063492063492,0.039927404718693285,0.48051060519414945,0.09355820662418671,0.7748822143698468,0.18799787573021773,0.8791224970553593,0.0,0.7748822143698468,0.18799787573021773,0.11764705882352941
TESTOP_F1,0.24209575429087624,net_only,unsup,2024,1.0,20.0,30,0.0,1,"{""kind"": ""logreg"", ""C"": 0.05}",0.8402930402930403,0.0,0.0,0.0,0.5400659774267522,0.1096812471271861,0.7541391941391942,0.24209575429087624,0.8814652014652015,0.0,0.7541391941391942,0.24209575429087624,0.0
TESTACC_F1,0.0,net_only,unsup,42,1.0,20.0,30,0.0,1,"{""kind"": ""logreg"", ""C"": 1.0}",0.8959764474975466,0.0,0.0,0.0,0.43959697063283265,0.11177756944621346,0.6261040235525025,0.17173913043478262,0.8972849198560681,0.0,0.6261040235525025,0.17173913043478262,0.0
TESTHY_F1,0.24209575429087624,net_only,unsup,2024,1.0,20.0,30,0.0,1,"{""kind"": ""logreg"", ""C"": 0.05}",0.8402930402930403,0.0,0.0,0.0,0.5400659774267522,0.1096812471271861,0.7541391941391942,0.24209575429087624,0.8814652014652015,0.0,0.7541391941391942,0.24209575429087624,0.0
TEST_ROC-AUC,0.6412469872975747,net_only,unsup,31337,1.0,20.0,5,0.0,1,"{""kind"": ""logreg"", ""C"": 0.05}",0.8482627180765284,0.012165450121654502,0.007886435331230283,0.009569377990430622,0.6412469872975747,0.1431830284841613,0.1309192200557103,0.17552155771905426,0.9049992669696525,0.0,0.1309192200557103,0.17552155771905426,0.1111111111111111
TEST_PR-AUC,0.1431830284841613,net_only,unsup,31337,1.0,20.0,5,0.0,1,"{""kind"": ""logreg"", ""C"": 0.05}",0.8482627180765284,0.012165450121654502,0.007886435331230283,0.009569377990430622,0.6412469872975747,0.1431830284841613,0.1309192200557103,0.17552155771905426,0.9049992669696525,0.0,0.1309192200557103,0.17552155771905426,0.1111111111111111
TEST_Accuracy,0.9396348645465253,sen_only,hybrid,123,0.0,1.0,3,0.0,1,"{""kind"": ""logreg"", ""C"": 0.05}",0.9396348645465253,0.7546296296296297,0.5174603174603175,0.6139359698681732,0.8415261484881739,0.6309665241304235,0.9353651354534747,0.5990867579908675,0.9467020023557126,0.6408730158730159,0.9353651354534747,0.5990867579908675,0.5882352941176471
TESTACC_Accuracy,0.9467020023557126,sen_only,hybrid,123,0.0,1.0,3,0.0,1,"{""kind"": ""logreg"", ""C"": 0.05}",0.9396348645465253,0.7546296296296297,0.5174603174603175,0.6139359698681732,0.8415261484881739,0.6309665241304235,0.9353651354534747,0.5990867579908675,0.9467020023557126,0.6408730158730159,0.9353651354534747,0.5990867579908675,0.5882352941176471
TESTOP_Accuracy,0.9400785854616895,sen_only,hybrid,7,0.0,20.0,2,0.0,1,"{""kind"": ""logreg"", ""C"": 0.05}",0.9079895219384414,1.0,0.11075949367088607,0.19943019943019943,0.8813109102088748,0.693536200214441,0.9400785854616895,0.6566604127579737,0.9444990176817288,0.6472424557752341,0.9400785854616895,0.6566604127579737,0.11764705882352941
TESTHY_Accuracy,0.9400785854616895,sen_only,hybrid,7,0.0,20.0,2,0.0,1,"{""kind"": ""logreg"", ""C"": 0.05}",0.9079895219384414,1.0,0.11075949367088607,0.19943019943019943,0.8813109102088748,0.693536200214441,0.9400785854616895,0.6566604127579737,0.9444990176817288,0.6472424557752341,0.9400785854616895,0.6566604127579737,0.11764705882352941
TEST_F1,0.6147704590818364,sen_only,hybrid,42,0.0,20.0,3,0.0,1,"{""kind"": ""logreg"", ""C"": 0.05}",0.9368662087013412,0.8235294117647058,0.49044585987261147,0.6147704590818364,0.7686273223561539,0.552122536906813,0.9200196270853778,0.5637823371989296,0.9370297677461563,0.6153846153846154,0.9200196270853778,0.5637823371989296,0.625
TESTOP_F1,0.6566604127579737,sen_only,hybrid,7,0.0,20.0,2,0.0,1,"{""kind"": ""logreg"", ""C"": 0.05}",0.9079895219384414,1.0,0.11075949367088607,0.19943019943019943,0.8813109102088748,0.693536200214441,0.9400785854616895,0.6566604127579737,0.9444990176817288,0.6472424557752341,0.9400785854616895,0.6566604127579737,0.11764705882352941
TESTACC_F1,0.6472424557752341,sen_only,hybrid,7,0.0,20.0,2,0.0,1,"{""kind"": ""logreg"", ""C"": 0.05}",0.9079895219384414,1.0,0.11075949367088607,0.19943019943019943,0.8813109102088748,0.693536200214441,0.9400785854616895,0.6566604127579737,0.9444990176817288,0.6472424557752341,0.9400785854616895,0.6566604127579737,0.11764705882352941
TESTHY_F1,0.6566604127579737,sen_only,hybrid,7,0.0,20.0,2,0.0,1,"{""kind"": ""logreg"", ""C"": 0.05}",0.9079895219384414,1.0,0.11075949367088607,0.19943019943019943,0.8813109102088748,0.693536200214441,0.9400785854616895,0.6566604127579737,0.9444990176817288,0.6472424557752341,0.9400785854616895,0.6566604127579737,0.11764705882352941
TEST_ROC-AUC,0.8813109102088748,sen_only,hybrid,7,0.0,20.0,2,0.0,1,"{""kind"": ""logreg"", ""C"": 0.05}",0.9079895219384414,1.0,0.11075949367088607,0.19943019943019943,0.8813109102088748,0.693536200214441,0.9400785854616895,0.6566604127579737,0.9444990176817288,0.6472424557752341,0.9400785854616895,0.6566604127579737,0.11764705882352941
TEST_PR-AUC,0.693536200214441,sen_only,hybrid,7,0.0,20.0,2,0.0,1,"{""kind"": ""logreg"", ""C"": 0.05}",0.9079895219384414,1.0,0.11075949367088607,0.19943019943019943,0.8813109102088748,0.693536200214441,0.9400785854616895,0.6566604127579737,0.9444990176817288,0.6472424557752341,0.9400785854616895,0.6566604127579737,0.11764705882352941
TEST_Accuracy,0.9342492639842983,sen_only,semisup,42,,,3,1.0,1,"{""kind"": ""logreg"", ""C"": 0.05}",0.9342492639842983,0.8070652173913043,0.4729299363057325,0.5963855421686747,0.7670674745907938,0.5462771611710839,0.9079162577690546,0.5381460213289582,0.9347399411187438,0.6061204343534057,0.9079162577690546,0.5381460213289582,0.625
TESTACC_Accuracy,0.941879502292076,sen_only,semisup,7,,,2,1.0,1,"{""kind"": ""logreg"", ""C"": 0.05}",0.9119187950229207,0.9895833333333334,0.15031645569620253,0.260989010989011,0.8787791490601105,0.6879893239611752,0.9400785854616895,0.6547169811320754,0.941879502292076,0.6596356663470757,0.9400785854616895,0.6547169811320754,0.17647058823529413
TESTOP_Accuracy,0.9400785854616895,sen_only,semisup,7,,,2,1.0,1,"{""kind"": ""logreg"", ""C"": 0.05}",0.9119187950229207,0.9895833333333334,0.15031645569620253,0.260989010989011,0.8787791490601105,0.6879893239611752,0.9400785854616895,0.6547169811320754,0.941879502292076,0.6596356663470757,0.9400785854616895,0.6547169811320754,0.17647058823529413
TESTHY_Accuracy,0.9400785854616895,sen_only,semisup,7,,,2,1.0,1,"{""kind"": ""logreg"", ""C"": 0.05}",0.9119187950229207,0.9895833333333334,0.15031645569620253,0.260989010989011,0.8787791490601105,0.6879893239611752,0.9400785854616895,0.6547169811320754,0.941879502292076,0.6596356663470757,0.9400785854616895,0.6547169811320754,0.17647058823529413
TEST_F1,0.5963855421686747,sen_only,semisup,42,,,3,1.0,1,"{""kind"": ""logreg"", ""C"": 0.05}",0.9342492639842983,0.8070652173913043,0.4729299363057325,0.5963855421686747,0.7670674745907938,0.5462771611710839,0.9079162577690546,0.5381460213289582,0.9347399411187438,0.6061204343534057,0.9079162577690546,0.5381460213289582,0.625
TESTOP_F1,0.6547169811320754,sen_only,semisup,7,,,2,1.0,1,"{""kind"": ""logreg"", ""C"": 0.05}",0.9119187950229207,0.9895833333333334,0.15031645569620253,0.260989010989011,0.8787791490601105,0.6879893239611752,0.9400785854616895,0.6547169811320754,0.941879502292076,0.6596356663470757,0.9400785854616895,0.6547169811320754,0.17647058823529413
TESTACC_F1,0.6596356663470757,sen_only,semisup,7,,,2,1.0,1,"{""kind"": ""logreg"", ""C"": 0.05}",0.9119187950229207,0.9895833333333334,0.15031645569620253,0.260989010989011,0.8787791490601105,0.6879893239611752,0.9400785854616895,0.6547169811320754,0.941879502292076,0.6596356663470757,0.9400785854616895,0.6547169811320754,0.17647058823529413
TESTHY_F1,0.6547169811320754,sen_only,semisup,7,,,2,1.0,1,"{""kind"": ""logreg"", ""C"": 0.05}",0.9119187950229207,0.9895833333333334,0.15031645569620253,0.260989010989011,0.8787791490601105,0.6879893239611752,0.9400785854616895,0.6547169811320754,0.941879502292076,0.6596356663470757,0.9400785854616895,0.6547169811320754,0.17647058823529413
TEST_ROC-AUC,0.8787791490601105,sen_only,semisup,7,,,2,1.0,1,"{""kind"": ""logreg"", ""C"": 0.05}",0.9119187950229207,0.9895833333333334,0.15031645569620253,0.260989010989011,0.8787791490601105,0.6879893239611752,0.9400785854616895,0.6547169811320754,0.941879502292076,0.6596356663470757,0.9400785854616895,0.6547169811320754,0.17647058823529413
TEST_PR-AUC,0.6879893239611752,sen_only,semisup,7,,,2,1.0,1,"{""kind"": ""logreg"", ""C"": 0.05}",0.9119187950229207,0.9895833333333334,0.15031645569620253,0.260989010989011,0.8787791490601105,0.6879893239611752,0.9400785854616895,0.6547169811320754,0.941879502292076,0.6596356663470757,0.9400785854616895,0.6547169811320754,0.17647058823529413
TEST_Accuracy,0.9396348645465253,sen_only,unsup,123,0.0,1.0,3,0.0,1,"{""kind"": ""logreg"", ""C"": 0.05}",0.9396348645465253,0.7546296296296297,0.5174603174603175,0.6139359698681732,0.8415261484881739,0.6309665241304235,0.9353651354534747,0.5990867579908675,0.9467020023557126,0.6408730158730159,0.9353651354534747,0.5990867579908675,0.5882352941176471
TESTACC_Accuracy,0.9467020023557126,sen_only,unsup,123,0.0,1.0,3,0.0,1,"{""kind"": ""logreg"", ""C"": 0.05}",0.9396348645465253,0.7546296296296297,0.5174603174603175,0.6139359698681732,0.8415261484881739,0.6309665241304235,0.9353651354534747,0.5990867579908675,0.9467020023557126,0.6408730158730159,0.9353651354534747,0.5990867579908675,0.5882352941176471
TESTOP_Accuracy,0.9400785854616895,sen_only,unsup,7,0.0,20.0,2,0.0,1,"{""kind"": ""logreg"", ""C"": 0.05}",0.9079895219384414,1.0,0.11075949367088607,0.19943019943019943,0.8813109102088748,0.693536200214441,0.9400785854616895,0.6566604127579737,0.9444990176817288,0.6472424557752341,0.9400785854616895,0.6566604127579737,0.11764705882352941
TESTHY_Accuracy,0.9400785854616895,sen_only,unsup,7,0.0,20.0,2,0.0,1,"{""kind"": ""logreg"", ""C"": 0.05}",0.9079895219384414,1.0,0.11075949367088607,0.19943019943019943,0.8813109102088748,0.693536200214441,0.9400785854616895,0.6566604127579737,0.9444990176817288,0.6472424557752341,0.9400785854616895,0.6566604127579737,0.11764705882352941
TEST_F1,0.6147704590818364,sen_only,unsup,42,0.0,20.0,3,0.0,1,"{""kind"": ""logreg"", ""C"": 0.05}",0.9368662087013412,0.8235294117647058,0.49044585987261147,0.6147704590818364,0.7686273223561539,0.552122536906813,0.9200196270853778,0.5637823371989296,0.9370297677461563,0.6153846153846154,0.9200196270853778,0.5637823371989296,0.625
TESTOP_F1,0.6566604127579737,sen_only,unsup,7,0.0,20.0,2,0.0,1,"{""kind"": ""logreg"", ""C"": 0.05}",0.9079895219384414,1.0,0.11075949367088607,0.19943019943019943,0.8813109102088748,0.693536200214441,0.9400785854616895,0.6566604127579737,0.9444990176817288,0.6472424557752341,0.9400785854616895,0.6566604127579737,0.11764705882352941
TESTACC_F1,0.6472424557752341,sen_only,unsup,7,0.0,20.0,2,0.0,1,"{""kind"": ""logreg"", ""C"": 0.05}",0.9079895219384414,1.0,0.11075949367088607,0.19943019943019943,0.8813109102088748,0.693536200214441,0.9400785854616895,0.6566604127579737,0.9444990176817288,0.6472424557752341,0.9400785854616895,0.6566604127579737,0.11764705882352941
TESTHY_F1,0.6566604127579737,sen_only,unsup,7,0.0,20.0,2,0.0,1,"{""kind"": ""logreg"", ""C"": 0.05}",0.9079895219384414,1.0,0.11075949367088607,0.19943019943019943,0.8813109102088748,0.693536200214441,0.9400785854616895,0.6566604127579737,0.9444990176817288,0.6472424557752341,0.9400785854616895,0.6566604127579737,0.11764705882352941
TEST_ROC-AUC,0.8813109102088748,sen_only,unsup,7,0.0,20.0,2,0.0,1,"{""kind"": ""logreg"", ""C"": 0.05}",0.9079895219384414,1.0,0.11075949367088607,0.19943019943019943,0.8813109102088748,0.693536200214441,0.9400785854616895,0.6566604127579737,0.9444990176817288,0.6472424557752341,0.9400785854616895,0.6566604127579737,0.11764705882352941
TEST_PR-AUC,0.693536200214441,sen_only,unsup,7,0.0,20.0,2,0.0,1,"{""kind"": ""logreg"", ""C"": 0.05}",0.9079895219384414,1.0,0.11075949367088607,0.19943019943019943,0.8813109102088748,0.693536200214441,0.9400785854616895,0.6566604127579737,0.9444990176817288,0.6472424557752341,0.9400785854616895,0.6566604127579737,0.11764705882352941
