mode,seed,scorer,alpha,topk,smooth,beta,hyst_mult,head,head_val_PRAUC,thr_fpr,thr_valF1,thr_valAcc,thr_hyst_lo,val_best_F1,val_best_Accuracy,VAL_Accuracy,VAL_Precision,VAL_Recall,VAL_F1,VAL_FPR,VAL_TN,VAL_FP,VAL_FN,VAL_TP,VAL_ROC-AUC,VAL_PR-AUC,TEST_Accuracy,TEST_Precision,TEST_Recall,TEST_F1,TEST_FPR,TEST_TN,TEST_FP,TEST_FN,TEST_TP,TEST_ROC-AUC,TEST_PR-AUC,TESTOP_Accuracy,TESTOP_Precision,TESTOP_Recall,TESTOP_F1,TESTOP_FPR,TESTOP_TN,TESTOP_FP,TESTOP_FN,TESTOP_TP,TESTOP_ROC-AUC,TESTOP_PR-AUC,TESTACC_Accuracy,TESTACC_Precision,TESTACC_Recall,TESTACC_F1,TESTACC_FPR,TESTACC_TN,TESTACC_FP,TESTACC_FN,TESTACC_TP,TESTACC_ROC-AUC,TESTACC_PR-AUC,TESTHY_Accuracy,TESTHY_Precision,TESTHY_Recall,TESTHY_F1,TESTHY_FPR,TESTHY_TN,TESTHY_FP,TESTHY_FN,TESTHY_TP,TESTHY_ROC-AUC,TESTHY_PR-AUC,TEST_EventCount,TEST_EventRecall,TEST_EventsDetected,TESTOP_EventCount,TESTOP_EventRecall,TESTOP_EventsDetected,TESTACC_EventCount,TESTACC_EventRecall,TESTACC_EventsDetected,TESTHY_EventCount,TESTHY_EventRecall,TESTHY_EventsDetected,CI_recall_wilson95_lo,CI_precision_wilson95_lo,CI_rocauc_boot95_lo,CI_prauc_boot95_lo,CI_recall_wilson95_hi,CI_precision_wilson95_hi,CI_rocauc_boot95_hi,CI_prauc_boot95_hi,n_train_anom_windows,n_blocks,window_size,stride,target_mode,label_mode,fit_windows,calib_windows,calfit_windows,calthr_windows,train_windows,train_anom,val_windows,val_anom,test_windows,test_anom
fused,42,unsup,0.0,1.0,5,0.0,1,"{""kind"": ""logreg"", ""C"": 0.05}",0.5490401565844035,7.546202091877455,7.20170002386237,10.426119228528776,7.546202091877455,0.533203125,0.9301059446733373,0.9226015303119482,0.6743421052631579,0.32436708860759494,0.43803418803418803,0.01606099935107073,6065,99,427,205,0.8083920826522313,0.5377057122003986,0.9164213280994439,0.7349397590361446,0.2914012738853503,0.41733181299885974,0.012030623405030985,5420,66,445,183,0.732674776094796,0.5063470172406204,0.9295060516846582,0.7806267806267806,0.43630573248407645,0.5597548518896833,0.014035727305869484,5409,77,354,274,0.732674776094796,0.5063470172406204,0.9113509977101734,0.9056603773584906,0.15286624203821655,0.2615803814713896,0.0018228217280349978,5476,10,532,96,0.732674776094796,0.5063470172406204,0.9295060516846582,0.7806267806267806,0.43630573248407645,0.5597548518896833,0.014035727305869484,5409,77,354,274,0.732674776094796,0.5063470172406204,16,0.625,10,16,0.625,10,16,0.25,4,16,0.625,10,0.2572146838979345,0.6768492814678231,0.7054119338799996,0.46185178549473305,0.3281244264107251,0.7858910270889967,0.7583852577643245,0.5456558953466271,2394,30,30,15,forecast,target,37251,10363,4919,5444,50008,2394,6796,632,6114,628
fused,42,semisup,,,3,1.0,1,"{""kind"": ""logreg"", ""C"": 0.05}",0.5490401565844035,7.020738806546813,4.359805880668672,12.391459285190715,7.020738806546813,0.5256887565152644,0.9323131253678635,0.9234844025897587,0.6717791411042945,0.34651898734177217,0.4572025052192067,0.017358857884490587,6057,107,413,219,0.8335152457306204,0.561172068890102,0.9167484461890743,0.7044673539518901,0.32643312101910826,0.44613710554951036,0.015676266861100983,5400,86,423,205,0.7053910823381346,0.492357946400088,0.9021916912005233,0.5241157556270096,0.5191082802547771,0.5216,0.05395552314983594,5190,296,302,326,0.7053910823381346,0.492357946400088,0.9142950605168466,0.940677966101695,0.1767515923566879,0.2975871313672922,0.0012759752096244985,5479,7,517,111,0.7053910823381346,0.492357946400088,0.9021916912005233,0.5241157556270096,0.5191082802547771,0.5216,0.05395552314983594,5190,296,302,326,0.7053910823381346,0.492357946400088,16,0.625,10,16,0.75,12,16,0.3125,5,16,0.75,12,0.2909103837336292,0.6496523187887588,0.678238830737269,0.45089963426785434,0.3640664332407516,0.7539542279129279,0.7303536371624534,0.5347137080022109,2394,30,30,15,forecast,target,37251,10363,4919,5444,50008,2394,6796,632,6114,628
fused,42,hybrid,0.0,1.0,3,0.75,1,"{""kind"": ""logreg"", ""C"": 0.05}",0.5490401565844035,7.02899789768454,4.387518467902277,11.566173914513577,7.02899789768454,0.5398230088495575,0.9326074161271336,0.922307239552678,0.6635220125786163,0.3338607594936709,0.4442105263157895,0.017358857884490587,6057,107,421,211,0.8369744905083827,0.5699400288444909,0.9213280994438993,0.779467680608365,0.32643312101910826,0.4601571268237935,0.010572366022602987,5428,58,423,205,0.7090100220364053,0.5051032828111041,0.9041543997383056,0.5343137254901961,0.5207006369426752,0.5274193548387097,0.05195041924899744,5201,285,301,327,0.7090100220364053,0.5051032828111041,0.9160942100098135,0.9457364341085271,0.1942675159235669,0.32232496697490093,0.0012759752096244985,5479,7,506,122,0.7090100220364053,0.5051032828111041,0.9041543997383056,0.5343137254901961,0.5207006369426752,0.5274193548387097,0.05195041924899744,5201,285,301,327,0.7090100220364053,0.5051032828111041,16,0.625,10,16,0.75,12,16,0.3125,5,16,0.75,12,0.2909103837336292,0.7255351507994491,0.6819033653328961,0.46320135496715537,0.3640664332407516,0.8253534662677547,0.7347424348499394,0.5457447746554651,2394,30,30,15,forecast,target,37251,10363,4919,5444,50008,2394,6796,632,6114,628
fused,7,unsup,0.0,5.0,2,0.0,1,"{""kind"": ""logreg"", ""C"": 0.05}",0.422717012649653,10.254848179074203,4.7679153927612665,4.7679153927612665,10.254848179074203,0.524731182795699,0.9350286638247832,0.9128325738644716,0.8775510204081632,0.06825396825396825,0.12665684830633284,0.0009719747286570547,6167,6,587,43,0.7365915057637074,0.47711269370950316,0.907825802226588,1.0,0.10917721518987342,0.19686162624821682,0.0,5476,0,563,69,0.888233234089375,0.6738155861405859,0.9356581532416502,0.8203753351206434,0.48417721518987344,0.608955223880597,0.012235208181154126,5409,67,326,306,0.888233234089375,0.6738155861405859,0.9356581532416502,0.8203753351206434,0.48417721518987344,0.608955223880597,0.012235208181154126,5409,67,326,306,0.888233234089375,0.6738155861405859,0.9356581532416502,0.8203753351206434,0.48417721518987344,0.608955223880597,0.012235208181154126,5409,67,326,306,0.888233234089375,0.6738155861405859,17,0.11764705882352941,2,17,0.8235294117647058,14,17,0.8235294117647058,14,17,0.8235294117647058,14,0.08718314424567528,0.9472609058559944,0.873368270527865,0.6409988285946107,0.13589379818778616,1.0,0.9022624173527436,0.7060073715306906,2394,30,30,15,forecast,target,35749,11865,5537,6328,50008,2394,6803,630,6108,632
fused,7,semisup,,,5,1.0,1,"{""kind"": ""logreg"", ""C"": 0.05}",0.422717012649653,16.57888282287286,6.322171109271367,6.322171109271367,16.57888282287286,0.5026511134676565,0.9310598265471116,0.9134205497574599,0.7662337662337663,0.09365079365079365,0.1669024045261669,0.002915924185971164,6155,18,571,59,0.7390121856831724,0.44389885726835293,0.9094629993451212,0.9340659340659341,0.13449367088607594,0.2351313969571231,0.0010956902848794738,5470,6,547,85,0.8289263968895341,0.628055121688017,0.9282907662082515,0.8730769230769231,0.35917721518987344,0.5089686098654709,0.006026296566837106,5443,33,405,227,0.8289263968895341,0.628055121688017,0.9282907662082515,0.8730769230769231,0.35917721518987344,0.5089686098654709,0.006026296566837106,5443,33,405,227,0.8289263968895341,0.628055121688017,0.9282907662082515,0.8730769230769231,0.35917721518987344,0.5089686098654709,0.006026296566837106,5443,33,405,227,0.8289263968895341,0.628055121688017,17,0.17647058823529413,3,17,0.5882352941176471,10,17,0.5882352941176471,10,17,0.5882352941176471,10,0.11009054534319535,0.8635336815438649,0.8096174709571973,0.5932885027093112,0.16331339677068962,0.9694341300493602,0.8486250757106466,0.6634205970879625,2394,30,30,15,forecast,target,35749,11865,5537,6328,50008,2394,6803,630,6108,632
fused,7,hybrid,0.0,5.0,2,0.0,1,"{""kind"": ""logreg"", ""C"": 0.05}",0.422717012649653,10.254848179074203,4.7679153927612665,4.7679153927612665,10.254848179074203,0.524731182795699,0.9350286638247832,0.9128325738644716,0.8775510204081632,0.06825396825396825,0.12665684830633284,0.0009719747286570547,6167,6,587,43,0.7365915057637074,0.47711269370950316,0.907825802226588,1.0,0.10917721518987342,0.19686162624821682,0.0,5476,0,563,69,0.888233234089375,0.6738155861405859,0.9356581532416502,0.8203753351206434,0.48417721518987344,0.608955223880597,0.012235208181154126,5409,67,326,306,0.888233234089375,0.6738155861405859,0.9356581532416502,0.8203753351206434,0.48417721518987344,0.608955223880597,0.012235208181154126,5409,67,326,306,0.888233234089375,0.6738155861405859,0.9356581532416502,0.8203753351206434,0.48417721518987344,0.608955223880597,0.012235208181154126,5409,67,326,306,0.888233234089375,0.6738155861405859,17,0.11764705882352941,2,17,0.8235294117647058,14,17,0.8235294117647058,14,17,0.8235294117647058,14,0.08718314424567528,0.9472609058559944,0.873368270527865,0.6409988285946107,0.13589379818778616,1.0,0.9022624173527436,0.7060073715306906,2394,30,30,15,forecast,target,35749,11865,5537,6328,50008,2394,6803,630,6108,632
fused,123,unsup,0.25,20.0,3,0.0,1,"{""kind"": ""gbm"", ""lr"": 0.06, ""leaves"": 31, ""max_iter"": 300, ""l2"": 1.0}",0.1632013846573817,3.9437453130378124,3.9555425863110836,4.494987451679038,3.9437453130378124,0.6077669902912621,0.9363057324840764,0.933692634329577,0.7766749379652605,0.49761526232114467,0.6065891472868217,0.016381507098653072,5404,90,316,313,0.7849291292191568,0.5868150902748429,0.9060659599528857,0.49393939393939396,0.5174603174603175,0.5054263565891473,0.05420318078545926,5828,334,304,326,0.8176357397876385,0.5215955265796584,0.9060659599528857,0.4939209726443769,0.5158730158730159,0.5046583850931677,0.054040895813047704,5829,333,305,325,0.8176357397876385,0.5215955265796584,0.9076855123674912,0.5031055900621118,0.38571428571428573,0.4366576819407008,0.03894839337877312,5922,240,387,243,0.8176357397876385,0.5215955265796584,0.9060659599528857,0.49393939393939396,0.5174603174603175,0.5054263565891473,0.05420318078545926,5828,334,304,326,0.8176357397876385,0.5215955265796584,17,0.5882352941176471,10,17,0.5882352941176471,10,17,0.5882352941176471,10,17,0.5882352941176471,10,0.47845245586040075,0.4559413314758503,0.7983716943405074,0.48140194884765136,0.5562565313692164,0.5320076009200707,0.8387992082769704,0.5614021898000232,2394,30,30,15,forecast,target,38081,9533,4297,5236,50008,2394,6123,629,6792,630
fused,123,semisup,,,12,1.0,1,"{""kind"": ""gbm"", ""lr"": 0.06, ""leaves"": 31, ""max_iter"": 300, ""l2"": 1.0}",0.1632013846573817,3.942456524603477,0.6544209980349568,5.8326938246719084,3.942456524603477,0.2787938704893722,0.9003756328597093,0.8922097011268986,0.4,0.0985691573926868,0.15816326530612246,0.016927557335274842,5401,93,567,62,0.5931231237661783,0.21204386815161447,0.8962014134275619,0.04819277108433735,0.006349206349206349,0.011220196353436185,0.012820512820512818,6083,79,626,4,0.44107226575581004,0.0781257202573711,0.5447585394581861,0.04271916790490342,0.18253968253968253,0.06923540036122817,0.4182083739045764,3585,2577,515,115,0.44107226575581004,0.0781257202573711,0.907243816254417,0.0,0.0,0.0,0.0,6162,0,630,0,0.44107226575581004,0.0781257202573711,0.5447585394581861,0.04271916790490342,0.18253968253968253,0.06923540036122817,0.4182083739045764,3585,2577,515,115,0.44107226575581004,0.0781257202573711,17,0.058823529411764705,1,17,0.4117647058823529,7,17,0.0,0,17,0.4117647058823529,7,0.0024717312035021453,0.01889830967407153,0.42152731515389835,0.07157274016777343,0.01621053894096297,0.11746030186694112,0.4610862782832705,0.08595541232475197,2394,30,30,15,forecast,target,38081,9533,4297,5236,50008,2394,6123,629,6792,630
fused,123,hybrid,0.25,20.0,3,0.25,1,"{""kind"": ""gbm"", ""lr"": 0.06, ""leaves"": 31, ""max_iter"": 300, ""l2"": 1.0}",0.1632013846573817,3.165311071754093,3.5218420910113104,3.5218420910113104,3.165311071754093,0.607645875251509,0.9363057324840764,0.9320594479830149,0.762962962962963,0.4912559618441971,0.597678916827853,0.017473607571896612,5398,96,320,309,0.8248773195560064,0.6002176324116582,0.898851590106007,0.45395799676898224,0.44603174603174606,0.4499599679743795,0.054852320675105475,5824,338,349,281,0.7902337933983504,0.5065380358630873,0.9031213191990577,0.4727626459143969,0.38571428571428573,0.42482517482517484,0.04397922752353131,5891,271,387,243,0.7902337933983504,0.5065380358630873,0.9031213191990577,0.4727626459143969,0.38571428571428573,0.42482517482517484,0.04397922752353131,5891,271,387,243,0.7902337933983504,0.5065380358630873,0.8994405182567726,0.45119705340699817,0.3888888888888889,0.4177323103154305,0.04836092177864329,5864,298,385,245,0.7902337933983504,0.5065380358630873,17,0.5882352941176471,10,17,0.5882352941176471,10,17,0.5882352941176471,10,17,0.5882352941176471,10,0.407659232340837,0.41513992259496285,0.7679930788709499,0.46695574344019636,0.48505844349489236,0.49334403223400164,0.8133063487911218,0.5467612350153778,2394,30,30,15,forecast,target,38081,9533,4297,5236,50008,2394,6123,629,6792,630
fused,2024,unsup,0.0,1.0,5,0.0,1,"{""kind"": ""logreg"", ""C"": 0.05}",0.5244875241588478,5.551891575783655,5.306679032156223,6.627245328159069,5.551891575783655,0.657483930211203,0.9421433267587114,0.9363905325443787,0.8004926108374384,0.5150554675118859,0.626808100289296,0.014854208692462862,5372,81,306,325,0.8781438153382761,0.6556227823672038,0.9326007326007326,0.747093023255814,0.40793650793650793,0.5277207392197125,0.014043583535108957,6108,87,373,257,0.7291581792792446,0.5144105698599363,0.9290842490842491,0.6931216931216931,0.4158730158730159,0.5198412698412699,0.01872477804681194,6079,116,368,262,0.7291581792792446,0.5144105698599363,0.9374358974358974,0.8637992831541219,0.3825396825396825,0.5302530253025303,0.006133979015334946,6157,38,389,241,0.7291581792792446,0.5144105698599363,0.9290842490842491,0.6931216931216931,0.4158730158730159,0.5198412698412699,0.01872477804681194,6079,116,368,262,0.7291581792792446,0.5144105698599363,19,0.5263157894736842,10,19,0.5263157894736842,10,19,0.42105263157894735,8,19,0.5263157894736842,10,0.3702303171131589,0.6986019301744899,0.7031761664602448,0.47501736865755717,0.4467586593124969,0.7901262725476688,0.7535750126978992,0.5510315970111549,2394,30,30,15,forecast,target,37204,10410,5055,5355,50008,2394,6084,631,6825,630
fused,2024,semisup,,,2,1.0,1,"{""kind"": ""logreg"", ""C"": 0.05}",0.5244875241588478,3.127794079676693,2.177699369504013,2.715335240063465,3.127794079676693,0.5980650835532102,0.928007889546351,0.9178172255095332,0.7364620938628159,0.3232963549920761,0.44933920704845814,0.013387126352466529,5380,73,427,204,0.7773760674346374,0.5306563011668406,0.9295238095238095,0.7475083056478405,0.35714285714285715,0.4833512352309345,0.012267958030669893,6119,76,405,225,0.6711892591311477,0.44877893857741424,0.9065201465201466,0.4919678714859438,0.3888888888888889,0.43439716312056736,0.04083938660209846,5942,253,385,245,0.6711892591311477,0.44877893857741424,0.9227838827838828,0.6434540389972145,0.36666666666666664,0.4671385237613751,0.020661824051654558,6067,128,399,231,0.6711892591311477,0.44877893857741424,0.9065201465201466,0.4919678714859438,0.3888888888888889,0.43439716312056736,0.04083938660209846,5942,253,385,245,0.6711892591311477,0.44877893857741424,19,0.47368421052631576,9,19,0.631578947368421,12,19,0.5263157894736842,10,19,0.631578947368421,12,0.32069562767856497,0.69551982938001,0.6455411544953431,0.40647064186359666,0.3953217495336597,0.7932586050593842,0.6955563667376726,0.48509410214117227,2394,30,30,15,forecast,target,37204,10410,5055,5355,50008,2394,6084,631,6825,630
fused,2024,hybrid,0.0,1.0,5,0.0,1,"{""kind"": ""logreg"", ""C"": 0.05}",0.5244875241588478,5.551891575783655,5.306679032156223,6.627245328159069,5.551891575783655,0.657483930211203,0.9421433267587114,0.9363905325443787,0.8004926108374384,0.5150554675118859,0.626808100289296,0.014854208692462862,5372,81,306,325,0.8781438153382761,0.6556227823672038,0.9326007326007326,0.747093023255814,0.40793650793650793,0.5277207392197125,0.014043583535108957,6108,87,373,257,0.7291581792792446,0.5144105698599363,0.9290842490842491,0.6931216931216931,0.4158730158730159,0.5198412698412699,0.01872477804681194,6079,116,368,262,0.7291581792792446,0.5144105698599363,0.9374358974358974,0.8637992831541219,0.3825396825396825,0.5302530253025303,0.006133979015334946,6157,38,389,241,0.7291581792792446,0.5144105698599363,0.9290842490842491,0.6931216931216931,0.4158730158730159,0.5198412698412699,0.01872477804681194,6079,116,368,262,0.7291581792792446,0.5144105698599363,19,0.5263157894736842,10,19,0.5263157894736842,10,19,0.42105263157894735,8,19,0.5263157894736842,10,0.3702303171131589,0.6986019301744899,0.7031761664602448,0.47501736865755717,0.4467586593124969,0.7901262725476688,0.7535750126978992,0.5510315970111549,2394,30,30,15,forecast,target,37204,10410,5055,5355,50008,2394,6084,631,6825,630
fused,31337,unsup,0.0,20.0,2,0.0,1,"{""kind"": ""gbm"", ""lr"": 0.03, ""leaves"": 63, ""max_iter"": 400, ""l2"": 1.0}",0.2057130797020134,8.325164351515518,1.7052219253884033,2.090644454318935,8.325164351515518,0.6890130353817505,0.9458128078817734,0.9101806239737275,0.9651162790697675,0.13237639553429026,0.23281907433380084,0.0005491488193300383,5460,3,544,83,0.8339173695975917,0.678959729612623,0.9124761765137077,0.8775510204081632,0.06782334384858044,0.1259150805270864,0.0009697753353806367,6181,6,591,43,0.7960282550315381,0.41255649436133457,0.9220055710306406,0.6349206349206349,0.3785488958990536,0.4743083003952569,0.022304832713754642,6049,138,394,240,0.7960282550315381,0.41255649436133457,0.9052924791086351,0.4696969696969697,0.14668769716088328,0.22355769230769232,0.01697106836916114,6082,105,541,93,0.7960282550315381,0.41255649436133457,0.9220055710306406,0.6349206349206349,0.3785488958990536,0.4743083003952569,0.022304832713754642,6049,138,394,240,0.7960282550315381,0.41255649436133457,18,0.1111111111111111,2,18,0.4444444444444444,8,18,0.4444444444444444,8,18,0.4444444444444444,8,0.050739783461677124,0.7575533759811903,0.776209722613702,0.3734692051426506,0.09011274167936101,0.9426525224019018,0.8161856063622152,0.45390169762031796,2394,30,30,15,forecast,target,37614,10000,4845,5155,50008,2394,6090,627,6821,634
fused,31337,semisup,,,5,1.0,1,"{""kind"": ""gbm"", ""lr"": 0.03, ""leaves"": 63, ""max_iter"": 400, ""l2"": 1.0}",0.2057130797020134,7.185566751144455,5.0066129796578265,7.047969616283831,7.185566751144455,0.2799575821845175,0.9082101806239737,0.9080459770114943,0.9466666666666667,0.11323763955342903,0.2022792022792023,0.0007321984257733844,5459,4,556,71,0.47820965223202283,0.2566075665642597,0.9086644187069345,0.8235294117647058,0.022082018927444796,0.043010752688172046,0.0004848876676903183,6184,3,620,14,0.4725591055632574,0.1119235274641986,0.8997214484679665,0.3046875,0.061514195583596214,0.10236220472440945,0.014385000808146111,6098,89,595,39,0.4725591055632574,0.1119235274641986,0.9086644187069345,0.8235294117647058,0.022082018927444796,0.043010752688172046,0.0004848876676903183,6184,3,620,14,0.4725591055632574,0.1119235274641986,0.8997214484679665,0.3046875,0.061514195583596214,0.10236220472440945,0.014385000808146111,6098,89,595,39,0.4725591055632574,0.1119235274641986,18,0.05555555555555555,1,18,0.1111111111111111,2,18,0.05555555555555555,1,18,0.1111111111111111,2,0.013198444728428054,0.5897007098262422,0.45261571967006897,0.09655033127786211,0.0367224133654937,0.9380898628745101,0.49408936078510685,0.1297246657381485,2394,30,30,15,forecast,target,37614,10000,4845,5155,50008,2394,6090,627,6821,634
fused,31337,hybrid,0.0,20.0,2,0.0,1,"{""kind"": ""gbm"", ""lr"": 0.03, ""leaves"": 63, ""max_iter"": 400, ""l2"": 1.0}",0.2057130797020134,8.325164351515518,1.7052219253884033,2.090644454318935,8.325164351515518,0.6890130353817505,0.9458128078817734,0.9101806239737275,0.9651162790697675,0.13237639553429026,0.23281907433380084,0.0005491488193300383,5460,3,544,83,0.8339173695975917,0.678959729612623,0.9124761765137077,0.8775510204081632,0.06782334384858044,0.1259150805270864,0.0009697753353806367,6181,6,591,43,0.7960282550315381,0.41255649436133457,0.9220055710306406,0.6349206349206349,0.3785488958990536,0.4743083003952569,0.022304832713754642,6049,138,394,240,0.7960282550315381,0.41255649436133457,0.9052924791086351,0.4696969696969697,0.14668769716088328,0.22355769230769232,0.01697106836916114,6082,105,541,93,0.7960282550315381,0.41255649436133457,0.9220055710306406,0.6349206349206349,0.3785488958990536,0.4743083003952569,0.022304832713754642,6049,138,394,240,0.7960282550315381,0.41255649436133457,18,0.1111111111111111,2,18,0.4444444444444444,8,18,0.4444444444444444,8,18,0.4444444444444444,8,0.050739783461677124,0.7575533759811903,0.776209722613702,0.3734692051426506,0.09011274167936101,0.9426525224019018,0.8161856063622152,0.45390169762031796,2394,30,30,15,forecast,target,37614,10000,4845,5155,50008,2394,6090,627,6821,634
net_only,42,unsup,1.0,20.0,30,0.0,1,"{""kind"": ""logreg"", ""C"": 1.0}",0.06836440596103094,3.505245392459313,1.4834295834568947,4.533237646738273,3.505245392459313,0.3453025086079685,0.9059741024131842,0.8900824014125956,0.0,0.0,0.0,0.018656716417910446,6049,115,632,0,0.6378232838285184,0.14876837012078853,0.8959764474975466,0.0,0.0,0.0,0.0014582573824279983,5478,8,628,0,0.43959697063283265,0.11177756944621346,0.6261040235525025,0.11116322701688555,0.37738853503184716,0.17173913043478262,0.3454247174626321,3591,1895,391,237,0.43959697063283265,0.11177756944621346,0.8972849198560681,0.0,0.0,0.0,0.0,5486,0,628,0,0.43959697063283265,0.11177756944621346,0.6261040235525025,0.11116322701688555,0.37738853503184716,0.17173913043478262,0.3454247174626321,3591,1895,391,237,0.43959697063283265,0.11177756944621346,16,0.0,0,16,0.5625,9,16,0.0,0,16,0.5625,9,0.0,0.0,0.4118795014354525,0.09934789410550861,0.006080004861978064,0.32441561951087694,0.469437936489544,0.1273914900390418,2394,30,30,15,forecast,target,37251,10363,4919,5444,50008,2394,6796,632,6114,628
net_only,42,semisup,,,20,1.0,1,"{""kind"": ""logreg"", ""C"": 1.0}",0.06836440596103094,1.232674813369613,-4.1330638170563905,1.2326750177718397,1.232674813369613,0.17265385686438317,0.9080341377280753,0.8972925250147146,0.17647058823529413,0.028481012658227847,0.04904632152588556,0.013627514600908499,6080,84,614,18,0.351848780998694,0.08996448770166302,0.8961400065423618,0.41025641025641024,0.025477707006369428,0.047976011994003,0.004192489974480495,5463,23,612,16,0.5394971798509698,0.20876673319769937,0.1130192999672882,0.10154562074123318,0.9729299363057324,0.18389766741911212,0.9854174261757198,80,5406,17,611,0.5394971798509698,0.20876673319769937,0.8984298331697743,0.64,0.025477707006369428,0.04900459418070444,0.001640539555231498,5477,9,612,16,0.5394971798509698,0.20876673319769937,0.1130192999672882,0.10154562074123318,0.9729299363057324,0.18389766741911212,0.9854174261757198,80,5406,17,611,0.5394971798509698,0.20876673319769937,16,0.0625,1,16,1.0,16,16,0.0625,1,16,1.0,16,0.01574211713590149,0.2707908943540048,0.5096710968545065,0.17835604540670275,0.04098349257387387,0.5658165152665509,0.5655645411877366,0.239155670800301,2394,30,30,15,forecast,target,37251,10363,4919,5444,50008,2394,6796,632,6114,628
net_only,42,hybrid,1.0,20.0,30,0.0,1,"{""kind"": ""logreg"", ""C"": 1.0}",0.06836440596103094,3.505245392459313,1.4834295834568947,4.533237646738273,3.505245392459313,0.3453025086079685,0.9059741024131842,0.8900824014125956,0.0,0.0,0.0,0.018656716417910446,6049,115,632,0,0.6378232838285184,0.14876837012078853,0.8959764474975466,0.0,0.0,0.0,0.0014582573824279983,5478,8,628,0,0.43959697063283265,0.11177756944621346,0.6261040235525025,0.11116322701688555,0.37738853503184716,0.17173913043478262,0.3454247174626321,3591,1895,391,237,0.43959697063283265,0.11177756944621346,0.8972849198560681,0.0,0.0,0.0,0.0,5486,0,628,0,0.43959697063283265,0.11177756944621346,0.6261040235525025,0.11116322701688555,0.37738853503184716,0.17173913043478262,0.3454247174626321,3591,1895,391,237,0.43959697063283265,0.11177756944621346,16,0.0,0,16,0.5625,9,16,0.0,0,16,0.5625,9,0.0,0.0,0.4118795014354525,0.09934789410550861,0.006080004861978064,0.32441561951087694,0.469437936489544,0.1273914900390418,2394,30,30,15,forecast,target,37251,10363,4919,5444,50008,2394,6796,632,6114,628
net_only,7,unsup,1.0,20.0,40,0.0,1,"{""kind"": ""logreg"", ""C"": 1.0}",0.10258291635297638,2.1172710464517,0.6361844129311623,2.118706162629798,2.1172710464517,0.24831913939937247,0.9063648390415993,0.9062178450683522,0.0,0.0,0.0,0.0012959663048760731,6165,8,630,0,0.5231881542508466,0.10777039584924525,0.8965291421087099,0.0,0.0,0.0,0.0,5476,0,632,0,0.5432606956939834,0.14099559922253307,0.6242632612966601,0.15223755750731913,0.5759493670886076,0.24082037710883228,0.37016070124178224,3449,2027,268,364,0.5432606956939834,0.14099559922253307,0.8965291421087099,0.0,0.0,0.0,0.0,5476,0,632,0,0.5432606956939834,0.14099559922253307,0.6242632612966601,0.15223755750731913,0.5759493670886076,0.24082037710883228,0.37016070124178224,3449,2027,268,364,0.5432606956939834,0.14099559922253307,17,0.0,0,17,0.6470588235294118,11,17,0.0,0,17,0.6470588235294118,11,0.0,,0.5141696929887591,0.12373668934077212,0.006041756311634847,,0.5705215800449671,0.16040219367972175,2394,30,30,15,forecast,target,35749,11865,5537,6328,50008,2394,6803,630,6108,632
net_only,7,semisup,,,20,1.0,1,"{""kind"": ""logreg"", ""C"": 1.0}",0.10258291635297638,0.6744907577722757,0.647925757891746,0.6744929145891093,0.6744907577722757,0.18271604938271604,0.907393796854329,0.9065118330148464,0.4583333333333333,0.05238095238095238,0.09401709401709402,0.006317835736270856,6134,39,597,33,0.47391520677605237,0.12985275863085607,0.8966928618205632,0.5454545454545454,0.00949367088607595,0.01866251944012442,0.0009130752373995616,5471,5,626,6,0.41168467582361695,0.14343965863305724,0.8901440733464309,0.37579617834394907,0.09335443037974683,0.14955640050697086,0.017896274653031407,5378,98,573,59,0.41168467582361695,0.14343965863305724,0.8965291421087099,0.0,0.0,0.0,0.0,5476,0,632,0,0.41168467582361695,0.14343965863305724,0.8901440733464309,0.37579617834394907,0.09335443037974683,0.14955640050697086,0.017896274653031407,5378,98,573,59,0.41168467582361695,0.14343965863305724,17,0.058823529411764705,1,17,0.11764705882352941,2,17,0.0,0,17,0.11764705882352941,2,0.004358033055868224,0.2800877556899882,0.3826927483921998,0.12236318550126707,0.020556348135925457,0.7872904245601194,0.4418073644575784,0.16919506338096219,2394,30,30,15,forecast,target,35749,11865,5537,6328,50008,2394,6803,630,6108,632
net_only,7,hybrid,1.0,20.0,2,0.9,1,"{""kind"": ""logreg"", ""C"": 1.0}",0.10258291635297638,0.5395945472895748,0.5395945472895677,0.5395945472895747,0.5395945472895748,0.29411764705882354,0.9103336763192709,0.9047479053358812,0.0,0.0,0.0,0.002915924185971164,6155,18,630,0,0.4895888135479906,0.18423752816980105,0.8963654223968566,0.0,0.0,0.0,0.00018261504747991232,5475,1,632,0,0.467479062838069,0.12788348190253593,0.8955468238375901,0.45,0.04272151898734177,0.07803468208092486,0.006026296566837106,5443,33,605,27,0.467479062838069,0.12788348190253593,0.8963654223968566,0.0,0.0,0.0,0.00018261504747991232,5475,1,632,0,0.467479062838069,0.12788348190253593,0.8955468238375901,0.45,0.04272151898734177,0.07803468208092486,0.006026296566837106,5443,33,605,27,0.467479062838069,0.12788348190253593,17,0.0,0,17,0.058823529411764705,1,17,0.0,0,17,0.058823529411764705,1,0.0,0.0,0.44072674339425294,0.11078760784285795,0.006041756311634847,0.7934567085261071,0.49544136672933303,0.14922861945270977,2394,30,30,15,forecast,target,35749,11865,5537,6328,50008,2394,6803,630,6108,632
net_only,123,unsup,1.0,20.0,30,0.0,1,"{""kind"": ""gbm"", ""lr"": 0.1, ""leaves"": 15, ""max_iter"": 200, ""l2"": 5.0}",0.12428658715674866,2.13096122189679,1.4331851454127706,2.645499234707198,2.13096122189679,0.29791976225854383,0.8961293483586478,0.8796341662583701,0.0,0.0,0.0,0.01965780851838369,5386,108,629,0,0.586073519717709,0.12789685361046366,0.8442285041224971,0.046610169491525424,0.03492063492063492,0.039927404718693285,0.07302823758519959,5712,450,608,22,0.48051060519414945,0.09355820662418671,0.7748822143698468,0.1412609736632083,0.28095238095238095,0.18799787573021773,0.17461863031483282,5086,1076,453,177,0.48051060519414945,0.09355820662418671,0.8791224970553593,0.0,0.0,0.0,0.030996429730606942,5971,191,630,0,0.48051060519414945,0.09355820662418671,0.7748822143698468,0.1412609736632083,0.28095238095238095,0.18799787573021773,0.17461863031483282,5086,1076,453,177,0.48051060519414945,0.09355820662418671,17,0.11764705882352941,2,17,0.4117647058823529,7,17,0.0,0,17,0.4117647058823529,7,0.02317223424671991,0.030979176700233993,0.456374611910805,0.08472940548962739,0.05230656045530027,0.06956184367293221,0.5051050926993776,0.10334724168505645,2394,30,30,15,forecast,target,38081,9533,4297,5236,50008,2394,6123,629,6792,630
net_only,123,semisup,,,12,1.0,1,"{""kind"": ""gbm"", ""lr"": 0.1, ""leaves"": 15, ""max_iter"": 200, ""l2"": 5.0}",0.12428658715674866,1.5093822076236736,-2.1758671921232033,1.5093822076236452,1.5093822076236736,0.18800843627598673,0.9002123142250531,0.8992324024171158,0.9285714285714286,0.02066772655007949,0.04043545878693624,0.0001820167455405897,5493,1,616,13,0.4610592680090956,0.14685360350538085,0.8616018845700825,0.04142011834319527,0.022222222222222223,0.028925619834710745,0.05258033106134371,5838,324,616,14,0.4601027547230079,0.08987416732398773,0.09967608951707892,0.09328192199317811,0.9984126984126984,0.17062254170622543,0.9922103213242452,48,6114,1,629,0.4601027547230079,0.08987416732398773,0.8582155477031802,0.04878048780487805,0.02857142857142857,0.036036036036036036,0.05696202531645569,5811,351,612,18,0.4601027547230079,0.08987416732398773,0.09967608951707892,0.09328192199317811,0.9984126984126984,0.17062254170622543,0.9922103213242452,48,6114,1,629,0.4601027547230079,0.08987416732398773,17,0.058823529411764705,1,17,1.0,17,17,0.058823529411764705,1,17,1.0,17,0.013282529365279634,0.024830669632062964,0.4372453505063545,0.08099445328715137,0.03695336553338275,0.06831656581265763,0.4821027821661158,0.10075124263453773,2394,30,30,15,forecast,target,38081,9533,4297,5236,50008,2394,6123,629,6792,630
net_only,123,hybrid,1.0,20.0,12,1.0,1,"{""kind"": ""gbm"", ""lr"": 0.1, ""leaves"": 15, ""max_iter"": 200, ""l2"": 5.0}",0.12428658715674866,1.5093822076236736,-2.1758671921232033,1.5093822076236452,1.5093822076236736,0.18800843627598673,0.9002123142250531,0.8992324024171158,0.9285714285714286,0.02066772655007949,0.04043545878693624,0.0001820167455405897,5493,1,616,13,0.4610592680090956,0.14685360350538085,0.8616018845700825,0.04142011834319527,0.022222222222222223,0.028925619834710745,0.05258033106134371,5838,324,616,14,0.4601027547230079,0.08987416732398773,0.09967608951707892,0.09328192199317811,0.9984126984126984,0.17062254170622543,0.9922103213242452,48,6114,1,629,0.4601027547230079,0.08987416732398773,0.8582155477031802,0.04878048780487805,0.02857142857142857,0.036036036036036036,0.05696202531645569,5811,351,612,18,0.4601027547230079,0.08987416732398773,0.09967608951707892,0.09328192199317811,0.9984126984126984,0.17062254170622543,0.9922103213242452,48,6114,1,629,0.4601027547230079,0.08987416732398773,17,0.058823529411764705,1,17,1.0,17,17,0.058823529411764705,1,17,1.0,17,0.013282529365279634,0.024830669632062964,0.4372453505063545,0.08099445328715137,0.03695336553338275,0.06831656581265763,0.4821027821661158,0.10075124263453773,2394,30,30,15,forecast,target,38081,9533,4297,5236,50008,2394,6123,629,6792,630
net_only,2024,unsup,1.0,20.0,30,0.0,1,"{""kind"": ""logreg"", ""C"": 0.05}",0.1294430303153648,3.899737093208377,1.9493240598477621,5.656427491930903,3.899737093208377,0.24280936454849497,0.8951347797501643,0.8818211702827088,0.16153846153846155,0.03328050713153724,0.05519053876478318,0.019988996882450025,5344,109,610,21,0.5448490384478455,0.125887305539293,0.8402930402930403,0.0,0.0,0.0,0.07425343018563356,5735,460,630,0,0.5400659774267522,0.1096812471271861,0.7541391941391942,0.1691919191919192,0.4253968253968254,0.24209575429087624,0.2124293785310734,4879,1316,362,268,0.5400659774267522,0.1096812471271861,0.8814652014652015,0.0,0.0,0.0,0.02889426957223567,6016,179,630,0,0.5400659774267522,0.1096812471271861,0.7541391941391942,0.1691919191919192,0.4253968253968254,0.24209575429087624,0.2124293785310734,4879,1316,362,268,0.5400659774267522,0.1096812471271861,19,0.0,0,19,0.47368421052631576,9,19,0.0,0,19,0.47368421052631576,9,0.0,0.0,0.5148816377255948,0.0990867719959558,0.00606082024278621,0.008282137695282184,0.5657298053769075,0.1210484719476024,2394,30,30,15,forecast,target,37204,10410,5055,5355,50008,2394,6084,631,6825,630
net_only,2024,semisup,,,20,1.0,1,"{""kind"": ""logreg"", ""C"": 0.05}",0.1294430303153648,2.4316541599959667,2.184752958254541,2.3775344063342962,2.4316541599959667,0.2545871559633027,0.9002301117685733,0.8990795529257067,0.6349206349206349,0.06339144215530904,0.11527377521613832,0.004217861727489455,5430,23,591,40,0.44070290332921325,0.19972136574149915,0.8805860805860806,0.13147410358565736,0.05238095238095238,0.07491486946651532,0.03518966908797417,5977,218,597,33,0.3977996848456897,0.08064706371136171,0.7345054945054945,0.08025568181818182,0.17936507936507937,0.11089303238469088,0.20903954802259883,4900,1295,517,113,0.3977996848456897,0.08064706371136171,0.8282783882783883,0.10029498525073746,0.10793650793650794,0.10397553516819572,0.09846650524616625,5585,610,562,68,0.3977996848456897,0.08064706371136171,0.7345054945054945,0.08025568181818182,0.17936507936507937,0.11089303238469088,0.20903954802259883,4900,1295,517,113,0.3977996848456897,0.08064706371136171,19,0.15789473684210525,3,19,0.3157894736842105,6,19,0.21052631578947367,4,19,0.3157894736842105,6,0.037538204967970785,0.0951702125582306,0.37447796531575495,0.0719177331550074,0.07264957696366639,0.17888865381209512,0.4210654470149098,0.09127209404528443,2394,30,30,15,forecast,target,37204,10410,5055,5355,50008,2394,6084,631,6825,630
net_only,2024,hybrid,1.0,20.0,20,1.0,1,"{""kind"": ""logreg"", ""C"": 0.05}",0.1294430303153648,2.4316541599959667,2.184752958254541,2.3775344063342962,2.4316541599959667,0.2545871559633027,0.9002301117685733,0.8990795529257067,0.6349206349206349,0.06339144215530904,0.11527377521613832,0.004217861727489455,5430,23,591,40,0.44070290332921325,0.19972136574149915,0.8805860805860806,0.13147410358565736,0.05238095238095238,0.07491486946651532,0.03518966908797417,5977,218,597,33,0.3977996848456897,0.08064706371136171,0.7345054945054945,0.08025568181818182,0.17936507936507937,0.11089303238469088,0.20903954802259883,4900,1295,517,113,0.3977996848456897,0.08064706371136171,0.8282783882783883,0.10029498525073746,0.10793650793650794,0.10397553516819572,0.09846650524616625,5585,610,562,68,0.3977996848456897,0.08064706371136171,0.7345054945054945,0.08025568181818182,0.17936507936507937,0.11089303238469088,0.20903954802259883,4900,1295,517,113,0.3977996848456897,0.08064706371136171,19,0.15789473684210525,3,19,0.3157894736842105,6,19,0.21052631578947367,4,19,0.3157894736842105,6,0.037538204967970785,0.0951702125582306,0.37447796531575495,0.0719177331550074,0.07264957696366639,0.17888865381209512,0.4210654470149098,0.09127209404528443,2394,30,30,15,forecast,target,37204,10410,5055,5355,50008,2394,6084,631,6825,630
net_only,31337,unsup,1.0,20.0,5,0.0,1,"{""kind"": ""logreg"", ""C"": 0.05}",0.12683165493404555,0.8966376706127401,-0.674494594190083,1.3951009699969228,0.8966376706127401,0.17630274816038444,0.896551724137931,0.8807881773399014,0.06956521739130435,0.012759170653907496,0.0215633423180593,0.019586307889438034,5356,107,619,8,0.3916724398819257,0.09064699119923253,0.8482627180765284,0.012165450121654502,0.007886435331230283,0.009569377990430622,0.06562146436075642,5781,406,629,5,0.6412469872975747,0.1431830284841613,0.1309192200557103,0.0962477120195241,0.9952681388012619,0.17552155771905426,0.9576531436883787,262,5925,3,631,0.6412469872975747,0.1431830284841613,0.9049992669696525,0.0,0.0,0.0,0.002262809115888152,6173,14,634,0,0.6412469872975747,0.1431830284841613,0.1309192200557103,0.0962477120195241,0.9952681388012619,0.17552155771905426,0.9576531436883787,262,5925,3,631,0.6412469872975747,0.1431830284841613,18,0.1111111111111111,2,18,1.0,18,18,0.0,0,18,1.0,18,0.003373132725573127,0.005207165634551281,0.6172930014574571,0.1307138327168185,0.018327552836484913,0.028158822733056983,0.6646902387483345,0.1579490802817206,2394,30,30,15,forecast,target,37614,10000,4845,5155,50008,2394,6090,627,6821,634
net_only,31337,semisup,,,40,1.0,1,"{""kind"": ""logreg"", ""C"": 0.05}",0.12683165493404555,2.4934942183628075,-0.8507903189946137,2.9159651691838633,2.4934942183628075,0.27341227125941875,0.8958949096880131,0.8850574712643678,0.0,0.0,0.0,0.013362621270364267,5390,73,627,0,0.5911740311289431,0.1386003068992574,0.8967893270781411,0.0,0.0,0.0,0.011314045579440761,6117,70,634,0,0.2838795500283233,0.0636858125573835,0.4747104530127547,0.05114155251141553,0.26498422712933756,0.08573615718295484,0.5037982867302407,3070,3117,466,168,0.2838795500283233,0.0636858125573835,0.9069051458730392,0.0,0.0,0.0,0.00016162922256343943,6186,1,634,0,0.2838795500283233,0.0636858125573835,0.4747104530127547,0.05114155251141553,0.26498422712933756,0.08573615718295484,0.5037982867302407,3070,3117,466,168,0.2838795500283233,0.0636858125573835,18,0.0,0,18,0.2777777777777778,5,18,0.0,0,18,0.2777777777777778,5,0.0,0.0,0.2602013542890943,0.05820693374689695,0.006022811933244868,0.05202487486728348,0.30855127821046385,0.06973367668631208,2394,30,30,15,forecast,target,37614,10000,4845,5155,50008,2394,6090,627,6821,634
net_only,31337,hybrid,1.0,20.0,40,1.0,1,"{""kind"": ""logreg"", ""C"": 0.05}",0.12683165493404555,2.4934942183628075,-0.8507903189946137,2.9159651691838633,2.4934942183628075,0.27341227125941875,0.8958949096880131,0.8850574712643678,0.0,0.0,0.0,0.013362621270364267,5390,73,627,0,0.5911740311289431,0.1386003068992574,0.8967893270781411,0.0,0.0,0.0,0.011314045579440761,6117,70,634,0,0.2838795500283233,0.0636858125573835,0.4747104530127547,0.05114155251141553,0.26498422712933756,0.08573615718295484,0.5037982867302407,3070,3117,466,168,0.2838795500283233,0.0636858125573835,0.9069051458730392,0.0,0.0,0.0,0.00016162922256343943,6186,1,634,0,0.2838795500283233,0.0636858125573835,0.4747104530127547,0.05114155251141553,0.26498422712933756,0.08573615718295484,0.5037982867302407,3070,3117,466,168,0.2838795500283233,0.0636858125573835,18,0.0,0,18,0.2777777777777778,5,18,0.0,0,18,0.2777777777777778,5,0.0,0.0,0.2602013542890943,0.05820693374689695,0.006022811933244868,0.05202487486728348,0.30855127821046385,0.06973367668631208,2394,30,30,15,forecast,target,37614,10000,4845,5155,50008,2394,6090,627,6821,634
sen_only,42,unsup,0.0,20.0,3,0.0,1,"{""kind"": ""logreg"", ""C"": 0.05}",0.6134122133782103,11.769839041189284,9.724748150494046,11.846765005334804,11.769839041189284,0.6116107931316435,0.9386403766921718,0.9376103590347263,0.744131455399061,0.5015822784810127,0.5992438563327032,0.017683322517845552,6055,109,315,317,0.8533145191762705,0.6416663945425981,0.9368662087013412,0.8235294117647058,0.49044585987261147,0.6147704590818364,0.012030623405030985,5420,66,320,308,0.7686273223561539,0.552122536906813,0.9200196270853778,0.640973630831643,0.5031847133757962,0.5637823371989296,0.032263944586219465,5309,177,312,316,0.7686273223561539,0.552122536906813,0.9370297677461563,0.8257372654155496,0.49044585987261147,0.6153846153846154,0.011848341232227486,5421,65,320,308,0.7686273223561539,0.552122536906813,0.9200196270853778,0.640973630831643,0.5031847133757962,0.5637823371989296,0.032263944586219465,5309,177,312,316,0.7686273223561539,0.552122536906813,16,0.625,10,16,0.625,10,16,0.625,10,16,0.625,10,0.45152383111636946,0.7816601027364557,0.7436377345092618,0.5115654025724394,0.5294840670657065,0.8588199291075761,0.7926449770328201,0.5942050955225867,2394,30,30,15,forecast,target,37251,10363,4919,5444,50008,2394,6796,632,6114,628
sen_only,42,semisup,,,3,1.0,1,"{""kind"": ""logreg"", ""C"": 0.05}",0.6134122133782103,12.166660177669373,8.752050010162074,11.535995466133969,12.166660177669373,0.6049204052098408,0.9336374337845792,0.9251030017657446,0.6782608695652174,0.370253164556962,0.4790174002047083,0.018007787151200518,6053,111,398,234,0.8502107993329993,0.6205982464758545,0.9342492639842983,0.8070652173913043,0.4729299363057325,0.5963855421686747,0.012942034269048485,5415,71,331,297,0.7670674745907938,0.5462771611710839,0.9079162577690546,0.5549915397631133,0.5222929936305732,0.5381460213289582,0.04794021144732044,5223,263,300,328,0.7670674745907938,0.5462771611710839,0.9347399411187438,0.7974025974025974,0.4888535031847134,0.6061204343534057,0.014218009478672983,5408,78,321,307,0.7670674745907938,0.5462771611710839,0.9079162577690546,0.5549915397631133,0.5222929936305732,0.5381460213289582,0.04794021144732044,5223,263,300,328,0.7670674745907938,0.5462771611710839,16,0.625,10,16,0.6875,11,16,0.625,10,16,0.6875,11,0.4341641621981225,0.7636590541600298,0.7415288027296979,0.5057476018875412,0.5120248826510928,0.8441266266244764,0.7916490140299155,0.5876588320331474,2394,30,30,15,forecast,target,37251,10363,4919,5444,50008,2394,6796,632,6114,628
sen_only,42,hybrid,0.0,20.0,3,0.0,1,"{""kind"": ""logreg"", ""C"": 0.05}",0.6134122133782103,11.769839041189284,9.724748150494046,11.846765005334804,11.769839041189284,0.6116107931316435,0.9386403766921718,0.9376103590347263,0.744131455399061,0.5015822784810127,0.5992438563327032,0.017683322517845552,6055,109,315,317,0.8533145191762705,0.6416663945425981,0.9368662087013412,0.8235294117647058,0.49044585987261147,0.6147704590818364,0.012030623405030985,5420,66,320,308,0.7686273223561539,0.552122536906813,0.9200196270853778,0.640973630831643,0.5031847133757962,0.5637823371989296,0.032263944586219465,5309,177,312,316,0.7686273223561539,0.552122536906813,0.9370297677461563,0.8257372654155496,0.49044585987261147,0.6153846153846154,0.011848341232227486,5421,65,320,308,0.7686273223561539,0.552122536906813,0.9200196270853778,0.640973630831643,0.5031847133757962,0.5637823371989296,0.032263944586219465,5309,177,312,316,0.7686273223561539,0.552122536906813,16,0.625,10,16,0.625,10,16,0.625,10,16,0.625,10,0.45152383111636946,0.7816601027364557,0.7436377345092618,0.5115654025724394,0.5294840670657065,0.8588199291075761,0.7926449770328201,0.5942050955225867,2394,30,30,15,forecast,target,37251,10363,4919,5444,50008,2394,6796,632,6114,628
sen_only,7,unsup,0.0,20.0,2,0.0,1,"{""kind"": ""logreg"", ""C"": 0.05}",0.5256636544976164,22.526819405645714,9.552190067431749,12.29090054665342,22.526819405645714,0.570281124497992,0.9384095252094664,0.9125385859179773,0.8431372549019608,0.06825396825396825,0.1262848751835536,0.0012959663048760731,6165,8,587,43,0.7461238007811797,0.5295815665142836,0.9079895219384414,1.0,0.11075949367088607,0.19943019943019943,0.0,5476,0,562,70,0.8813109102088748,0.693536200214441,0.9400785854616895,0.8064516129032258,0.5537974683544303,0.6566604127579737,0.015339663988312635,5392,84,282,350,0.8813109102088748,0.693536200214441,0.9444990176817288,0.9452887537993921,0.4920886075949367,0.6472424557752341,0.0032870708546384217,5458,18,321,311,0.8813109102088748,0.693536200214441,0.9400785854616895,0.8064516129032258,0.5537974683544303,0.6566604127579737,0.015339663988312635,5392,84,282,350,0.8813109102088748,0.693536200214441,17,0.11764705882352941,2,17,0.8235294117647058,14,17,0.6470588235294118,11,17,0.8235294117647058,14,0.08860416850798326,0.9479751251327163,0.8645070685514075,0.6608220735891933,0.13761821140550465,0.9999999999999999,0.8973221751382898,0.7265862406837708,2394,30,30,15,forecast,target,35749,11865,5537,6328,50008,2394,6803,630,6108,632
sen_only,7,semisup,,,2,1.0,1,"{""kind"": ""logreg"", ""C"": 0.05}",0.5256636544976164,21.90483486184144,7.9653197314358835,8.222739059450921,21.90483486184144,0.5803212851405622,0.9389975011024548,0.9126855798912245,0.8333333333333334,0.07142857142857142,0.13157894736842105,0.001457962092985582,6164,9,585,45,0.7446547818328153,0.528450804326939,0.9119187950229207,0.9895833333333334,0.15031645569620253,0.260989010989011,0.00018261504747991232,5475,1,537,95,0.8787791490601105,0.6879893239611752,0.9400785854616895,0.8107476635514018,0.5490506329113924,0.6547169811320754,0.014791818845872898,5395,81,285,347,0.8787791490601105,0.6879893239611752,0.941879502292076,0.8369829683698297,0.5443037974683544,0.6596356663470757,0.012235208181154126,5409,67,288,344,0.8787791490601105,0.6879893239611752,0.9400785854616895,0.8107476635514018,0.5490506329113924,0.6547169811320754,0.014791818845872898,5395,81,285,347,0.8787791490601105,0.6879893239611752,17,0.17647058823529413,3,17,0.7058823529411765,12,17,0.7058823529411765,12,17,0.7058823529411765,12,0.12457013475949599,0.9433324450728878,0.8621225894979561,0.6549320528768148,0.18028818215465373,0.9981588771815634,0.8953870115946814,0.7219944432771618,2394,30,30,15,forecast,target,35749,11865,5537,6328,50008,2394,6803,630,6108,632
sen_only,7,hybrid,0.0,20.0,2,0.0,1,"{""kind"": ""logreg"", ""C"": 0.05}",0.5256636544976164,22.526819405645714,9.552190067431749,12.29090054665342,22.526819405645714,0.570281124497992,0.9384095252094664,0.9125385859179773,0.8431372549019608,0.06825396825396825,0.1262848751835536,0.0012959663048760731,6165,8,587,43,0.7461238007811797,0.5295815665142836,0.9079895219384414,1.0,0.11075949367088607,0.19943019943019943,0.0,5476,0,562,70,0.8813109102088748,0.693536200214441,0.9400785854616895,0.8064516129032258,0.5537974683544303,0.6566604127579737,0.015339663988312635,5392,84,282,350,0.8813109102088748,0.693536200214441,0.9444990176817288,0.9452887537993921,0.4920886075949367,0.6472424557752341,0.0032870708546384217,5458,18,321,311,0.8813109102088748,0.693536200214441,0.9400785854616895,0.8064516129032258,0.5537974683544303,0.6566604127579737,0.015339663988312635,5392,84,282,350,0.8813109102088748,0.693536200214441,17,0.11764705882352941,2,17,0.8235294117647058,14,17,0.6470588235294118,11,17,0.8235294117647058,14,0.08860416850798326,0.9479751251327163,0.8645070685514075,0.6608220735891933,0.13761821140550465,0.9999999999999999,0.8973221751382898,0.7265862406837708,2394,30,30,15,forecast,target,35749,11865,5537,6328,50008,2394,6803,630,6108,632
sen_only,123,unsup,0.0,1.0,3,0.0,1,"{""kind"": ""logreg"", ""C"": 0.05}",0.4295721669486627,2.64344441475955,2.514037813524949,3.0267983829144383,2.64344441475955,0.5864077669902913,0.9335293156949208,0.9281398007512657,0.7723342939481268,0.4260731319554849,0.5491803278688525,0.014379322897706586,5415,79,361,268,0.8279527948685748,0.591904704393976,0.9396348645465253,0.7546296296296297,0.5174603174603175,0.6139359698681732,0.017202207075624795,6056,106,304,326,0.8415261484881739,0.6309665241304235,0.9353651354534747,0.7053763440860215,0.5206349206349207,0.5990867579908675,0.022233041220382988,6025,137,302,328,0.8415261484881739,0.6309665241304235,0.9467020023557126,0.8544973544973545,0.5126984126984127,0.6408730158730159,0.008925673482635507,6107,55,307,323,0.8415261484881739,0.6309665241304235,0.9353651354534747,0.7053763440860215,0.5206349206349207,0.5990867579908675,0.022233041220382988,6025,137,302,328,0.8415261484881739,0.6309665241304235,17,0.5882352941176471,10,17,0.6470588235294118,11,17,0.5882352941176471,10,17,0.6470588235294118,11,0.47845245586040075,0.7119240591833971,0.8215312043917713,0.5913293013504568,0.5562565313692164,0.7928464813065423,0.8618841762432558,0.667040075864418,2394,30,30,15,forecast,target,38081,9533,4297,5236,50008,2394,6123,629,6792,630
sen_only,123,semisup,,,5,1.0,1,"{""kind"": ""logreg"", ""C"": 0.05}",0.4295721669486627,6.10390505148946,3.5918217789418794,6.811727382137086,6.10390505148946,0.4775561097256858,0.9234035603462355,0.919973869018455,0.735593220338983,0.3449920508744038,0.4696969696969697,0.014197306152165997,5416,78,412,217,0.7874614480430451,0.48892936070810494,0.9324204946996466,0.7435897435897436,0.4142857142857143,0.5321100917431193,0.01460564751703992,6072,90,369,261,0.8141929800157648,0.5666308067236162,0.8623380447585395,0.36298292902066487,0.6412698412698413,0.4635685599541021,0.11506004543979226,5453,709,226,404,0.8141929800157648,0.5666308067236162,0.9353651354534747,0.8398576512455516,0.3746031746031746,0.5181119648737651,0.00730282375851996,6117,45,394,236,0.8141929800157648,0.5666308067236162,0.8623380447585395,0.36298292902066487,0.6412698412698413,0.4635685599541021,0.11506004543979226,5453,709,226,404,0.8141929800157648,0.5666308067236162,17,0.5882352941176471,10,17,0.8823529411764706,15,17,0.5294117647058824,9,17,0.8823529411764706,15,0.376452293267946,0.6954429237543969,0.7927640191236228,0.5259965105497778,0.45315813305938885,0.7864622418180727,0.8367376120496564,0.6045661408432227,2394,30,30,15,forecast,target,38081,9533,4297,5236,50008,2394,6123,629,6792,630
sen_only,123,hybrid,0.0,1.0,3,0.0,1,"{""kind"": ""logreg"", ""C"": 0.05}",0.4295721669486627,2.64344441475955,2.514037813524949,3.0267983829144383,2.64344441475955,0.5864077669902913,0.9335293156949208,0.9281398007512657,0.7723342939481268,0.4260731319554849,0.5491803278688525,0.014379322897706586,5415,79,361,268,0.8279527948685748,0.591904704393976,0.9396348645465253,0.7546296296296297,0.5174603174603175,0.6139359698681732,0.017202207075624795,6056,106,304,326,0.8415261484881739,0.6309665241304235,0.9353651354534747,0.7053763440860215,0.5206349206349207,0.5990867579908675,0.022233041220382988,6025,137,302,328,0.8415261484881739,0.6309665241304235,0.9467020023557126,0.8544973544973545,0.5126984126984127,0.6408730158730159,0.008925673482635507,6107,55,307,323,0.8415261484881739,0.6309665241304235,0.9353651354534747,0.7053763440860215,0.5206349206349207,0.5990867579908675,0.022233041220382988,6025,137,302,328,0.8415261484881739,0.6309665241304235,17,0.5882352941176471,10,17,0.6470588235294118,11,17,0.5882352941176471,10,17,0.6470588235294118,11,0.47845245586040075,0.7119240591833971,0.8215312043917713,0.5913293013504568,0.5562565313692164,0.7928464813065423,0.8618841762432558,0.667040075864418,2394,30,30,15,forecast,target,38081,9533,4297,5236,50008,2394,6123,629,6792,630
sen_only,2024,unsup,0.0,1.0,3,0.0,1,"{""kind"": ""logreg"", ""C"": 0.05}",0.5586513464965147,5.241377395970044,5.488516987472677,5.488516987472677,5.241377395970044,0.6444007858546169,0.940499671268902,0.9372123602892833,0.801452784503632,0.5245641838351822,0.6340996168582376,0.015037593984962403,5371,82,300,331,0.850908338450781,0.6389084694482153,0.9347985347985348,0.7777777777777778,0.4111111111111111,0.5379023883696781,0.011945117029862791,6121,74,371,259,0.7308869159716617,0.5340177350901423,0.9368498168498168,0.8241042345276873,0.4015873015873016,0.5400213447171825,0.008716707021791767,6141,54,377,253,0.7308869159716617,0.5340177350901423,0.9368498168498168,0.8241042345276873,0.4015873015873016,0.5400213447171825,0.008716707021791767,6141,54,377,253,0.7308869159716617,0.5340177350901423,0.9364102564102564,0.8081761006289309,0.40793650793650793,0.5421940928270043,0.009846650524616625,6134,61,373,257,0.7308869159716617,0.5340177350901423,19,0.5263157894736842,10,19,0.5263157894736842,10,19,0.5263157894736842,10,19,0.5263157894736842,10,0.37334048709895806,0.7300987716384049,0.7037235193965904,0.49572335155692565,0.44995921427753727,0.819120802190956,0.7560896379964485,0.5691789877337177,2394,30,30,15,forecast,target,37204,10410,5055,5355,50008,2394,6084,631,6825,630
sen_only,2024,semisup,,,5,1.0,1,"{""kind"": ""logreg"", ""C"": 0.05}",0.5586513464965147,3.5024257139469617,2.303536202811639,2.4525308870518043,3.5024257139469617,0.6345139412207988,0.9215976331360947,0.9150230111768574,0.6979166666666666,0.3185419968304279,0.43743199129488575,0.01595452044746011,5366,87,430,201,0.8705273678572374,0.5856285743693734,0.9333333333333333,0.7831715210355987,0.38412698412698415,0.5154419595314164,0.010815173527037932,6128,67,388,242,0.7318931037575104,0.5415454711306357,0.9125274725274726,0.525984251968504,0.5301587301587302,0.5280632411067193,0.04858757062146892,5894,301,296,334,0.7318931037575104,0.5415454711306357,0.9204395604395604,0.5759162303664922,0.5238095238095238,0.5486284289276808,0.03922518159806295,5952,243,300,330,0.7318931037575104,0.5415454711306357,0.9125274725274726,0.525984251968504,0.5301587301587302,0.5280632411067193,0.04858757062146892,5894,301,296,334,0.7318931037575104,0.5415454711306357,19,0.47368421052631576,9,19,0.6842105263157895,13,19,0.631578947368421,12,19,0.6842105263157895,13,0.34695682155599655,0.73389737839365,0.7042996543869408,0.5005865333171298,0.42270171773836346,0.8254911428260345,0.7576830814405909,0.5797346849458345,2394,30,30,15,forecast,target,37204,10410,5055,5355,50008,2394,6084,631,6825,630
sen_only,2024,hybrid,0.0,1.0,3,0.25,1,"{""kind"": ""logreg"", ""C"": 0.05}",0.5586513464965147,4.697451899494787,5.030294453105054,5.495659250139821,4.697451899494787,0.6388349514563106,0.9395134779750164,0.9368836291913215,0.7961630695443646,0.526148969889065,0.6335877862595419,0.015587749862461028,5368,85,299,332,0.8582405532597679,0.6403458747573213,0.9343589743589743,0.7692307692307693,0.4126984126984127,0.5371900826446281,0.012590799031476996,6117,78,370,260,0.7331237429058253,0.5400204132599364,0.9381684981684981,0.8421052631578947,0.40634920634920635,0.5481798715203426,0.007748184019370459,6147,48,374,256,0.7331237429058253,0.5400204132599364,0.9405128205128205,0.8971631205673759,0.4015873015873016,0.5548245614035088,0.004681194511702985,6166,29,377,253,0.7331237429058253,0.5400204132599364,0.9375824175824176,0.8290322580645161,0.40793650793650793,0.5468085106382978,0.008555286521388214,6142,53,373,257,0.7331237429058253,0.5400204132599364,19,0.5263157894736842,10,19,0.47368421052631576,9,19,0.47368421052631576,9,19,0.47368421052631576,9,0.3748961860140663,0.7214384682763655,0.705532504161541,0.5011123045946405,0.4515588778378487,0.8109718644625405,0.7583382586595102,0.5756759576562477,2394,30,30,15,forecast,target,37204,10410,5055,5355,50008,2394,6084,631,6825,630
sen_only,31337,unsup,0.0,1.0,3,0.0,1,"{""kind"": ""logreg"", ""C"": 0.05}",0.27962729218124904,3.9977075524877184,0.9688019871699551,1.1294567731943446,3.9977075524877184,0.6727438468550593,0.9425287356321839,0.8970443349753695,0.0,0.0,0.0,0.0,5463,0,627,0,0.8340081645379486,0.6885248262351619,0.9070517519425304,0.0,0.0,0.0,0.0,6187,0,634,0,0.8156335738056645,0.5119495894960262,0.9302155109221522,0.7078947368421052,0.4242902208201893,0.5305719921104537,0.017940843704541777,6076,111,365,269,0.8156335738056645,0.5119495894960262,0.9356399354933295,0.7876106194690266,0.42113564668769715,0.5488180883864338,0.01163730402456764,6115,72,367,267,0.8156335738056645,0.5119495894960262,0.9302155109221522,0.7078947368421052,0.4242902208201893,0.5305719921104537,0.017940843704541777,6076,111,365,269,0.8156335738056645,0.5119495894960262,18,0.0,0,18,0.5,9,18,0.4444444444444444,8,18,0.5,9,0.0,,0.7956524101968204,0.4731784228065878,0.006022811933244868,,0.8341961010697777,0.554802487253138,2394,30,30,15,forecast,target,37614,10000,4845,5155,50008,2394,6090,627,6821,634
sen_only,31337,semisup,,,8,1.0,1,"{""kind"": ""logreg"", ""C"": 0.05}",0.27962729218124904,2.277730043933448,0.35756650113380933,1.2006649451174547,2.277730043933448,0.4112903225806452,0.9067323481116585,0.8931034482758621,0.0,0.0,0.0,0.004393190554640307,5439,24,627,0,0.5549859705760165,0.2871220886587573,0.9057322973171089,0.0,0.0,0.0,0.001454663003070955,6178,9,634,0,0.6001099282661977,0.16045785467635687,0.8462102331036505,0.22589167767503301,0.2697160883280757,0.24586628324946083,0.09471472442217552,5601,586,463,171,0.6001099282661977,0.16045785467635687,0.8806626594341006,0.04081632653061224,0.012618296529968454,0.01927710843373494,0.030386293841926617,5999,188,626,8,0.6001099282661977,0.16045785467635687,0.8462102331036505,0.22589167767503301,0.2697160883280757,0.24586628324946083,0.09471472442217552,5601,586,463,171,0.6001099282661977,0.16045785467635687,18,0.0,0,18,0.4444444444444444,8,18,0.16666666666666666,3,18,0.4444444444444444,8,0.0,0.0,0.5703841409987416,0.143433984104218,0.006022811933244868,0.2991527535509594,0.6283365084802597,0.17965092828800178,2394,30,30,15,forecast,target,37614,10000,4845,5155,50008,2394,6090,627,6821,634
sen_only,31337,hybrid,0.0,1.0,3,0.0,1,"{""kind"": ""logreg"", ""C"": 0.05}",0.27962729218124904,3.9977075524877184,0.9688019871699551,1.1294567731943446,3.9977075524877184,0.6727438468550593,0.9425287356321839,0.8970443349753695,0.0,0.0,0.0,0.0,5463,0,627,0,0.8340081645379486,0.6885248262351619,0.9070517519425304,0.0,0.0,0.0,0.0,6187,0,634,0,0.8156335738056645,0.5119495894960262,0.9302155109221522,0.7078947368421052,0.4242902208201893,0.5305719921104537,0.017940843704541777,6076,111,365,269,0.8156335738056645,0.5119495894960262,0.9356399354933295,0.7876106194690266,0.42113564668769715,0.5488180883864338,0.01163730402456764,6115,72,367,267,0.8156335738056645,0.5119495894960262,0.9302155109221522,0.7078947368421052,0.4242902208201893,0.5305719921104537,0.017940843704541777,6076,111,365,269,0.8156335738056645,0.5119495894960262,18,0.0,0,18,0.5,9,18,0.4444444444444444,8,18,0.5,9,0.0,,0.7956524101968204,0.4731784228065878,0.006022811933244868,,0.8341961010697777,0.554802487253138,2394,30,30,15,forecast,target,37614,10000,4845,5155,50008,2394,6090,627,6821,634
