mode,seed,scorer,target_FPR,threshold,TEST_Accuracy,TEST_Precision,TEST_Recall,TEST_F1,TEST_FPR,TEST_TN,TEST_FP,TEST_FN,TEST_TP,TEST_ROC-AUC,TEST_PR-AUC
fused,42,unsup,0.001,11.640251904044673,0.9003925417075564,0.7878787878787878,0.041401273885350316,0.07866868381240545,0.0012759752096244985,5479,7,602,26,0.732674776094796,0.5063470172406204
fused,42,unsup,0.002,9.5541172616021,0.9178933595027805,0.92,0.2197452229299363,0.35475578406169667,0.0021873860736419974,5474,12,490,138,0.732674776094796,0.5063470172406204
fused,42,unsup,0.005,8.274178068045355,0.9159306509649984,0.8166666666666667,0.2340764331210191,0.36386138613861385,0.006015311702515493,5453,33,481,147,0.732674776094796,0.5063470172406204
fused,42,unsup,0.01,7.546202091877455,0.9164213280994439,0.7349397590361446,0.2914012738853503,0.41733181299885974,0.012030623405030985,5420,66,445,183,0.732674776094796,0.5063470172406204
fused,42,unsup,0.02,6.324865192637606,0.928524697415767,0.7312348668280871,0.48089171974522293,0.5802113352545629,0.020233321181188476,5375,111,326,302,0.732674776094796,0.5063470172406204
fused,42,unsup,0.05,4.493746510111824,0.906444226365718,0.5468227424749164,0.5207006369426752,0.533442088091354,0.049398468829748444,5215,271,301,327,0.732674776094796,0.5063470172406204
fused,42,unsup,0.1,3.476972845577391,0.8578671900556101,0.37194473963868224,0.5573248407643312,0.4461440407903123,0.10772876412686837,4895,591,278,350,0.732674776094796,0.5063470172406204
fused,42,semisup,0.001,16.355216313777692,0.9013738959764475,0.8378378378378378,0.04936305732484077,0.09323308270676692,0.0010936930368209987,5480,6,597,31,0.7053910823381346,0.492357946400088
fused,42,semisup,0.002,12.50276828465772,0.9134772652927707,0.9380530973451328,0.16878980891719744,0.28609986504723345,0.0012759752096244985,5479,7,522,106,0.7053910823381346,0.492357946400088
fused,42,semisup,0.005,9.235286952547078,0.92198233562316,0.8682926829268293,0.28343949044585987,0.42737094837935174,0.004921618665694494,5459,27,450,178,0.7053910823381346,0.492357946400088
fused,42,semisup,0.01,7.020738806546813,0.9167484461890743,0.7044673539518901,0.32643312101910826,0.44613710554951036,0.015676266861100983,5400,86,423,205,0.7053910823381346,0.492357946400088
fused,42,semisup,0.02,5.558364902764191,0.92198233562316,0.6659340659340659,0.482484076433121,0.5595567867036011,0.02770689026613197,5334,152,325,303,0.7053910823381346,0.492357946400088
fused,42,semisup,0.05,3.8961767750331395,0.8814196925089958,0.43610013175230566,0.5270700636942676,0.47728911319394374,0.07801676995989791,5058,428,297,331,0.7053910823381346,0.492357946400088
fused,42,semisup,0.1,2.9652120737877765,0.810107948969578,0.28386050283860503,0.5573248407643312,0.37614185921547555,0.1609551585854903,4603,883,278,350,0.7053910823381346,0.492357946400088
fused,42,hybrid,0.001,14.875652968764145,0.9020281321557082,0.8536585365853658,0.05573248407643312,0.10463378176382661,0.0010936930368209987,5480,6,593,35,0.7090100220364053,0.5051032828111041
fused,42,hybrid,0.002,11.527243372963374,0.9162577690546287,0.9461538461538461,0.19585987261146498,0.3245382585751979,0.0012759752096244985,5479,7,505,123,0.7090100220364053,0.5051032828111041
fused,42,hybrid,0.005,8.965350086539159,0.9223094537127903,0.8695652173913043,0.28662420382165604,0.4311377245508982,0.004921618665694494,5459,27,448,180,0.7090100220364053,0.5051032828111041
fused,42,hybrid,0.01,7.02899789768454,0.9213280994438993,0.779467680608365,0.32643312101910826,0.4601571268237935,0.010572366022602987,5428,58,423,205,0.7090100220364053,0.5051032828111041
fused,42,hybrid,0.02,5.461738756568655,0.9223094537127903,0.6638115631691649,0.49363057324840764,0.5662100456621004,0.028618301130149466,5329,157,318,310,0.7090100220364053,0.5051032828111041
fused,42,hybrid,0.05,3.9077535022740695,0.889924762839385,0.4681753889674682,0.5270700636942676,0.4958801498127341,0.06853809697411592,5110,376,297,331,0.7090100220364053,0.5051032828111041
fused,42,hybrid,0.1,2.9633810807106795,0.8168138698070003,0.29534109816971715,0.5652866242038217,0.3879781420765027,0.15439300036456433,4639,847,273,355,0.7090100220364053,0.5051032828111041
fused,7,unsup,0.001,14.505853548614597,0.8965291421087099,0.0,0.0,0.0,0.0,5476,0,632,0,0.888233234089375,0.6738155861405859
fused,7,unsup,0.002,14.051295870935634,0.8965291421087099,0.0,0.0,0.0,0.0,5476,0,632,0,0.888233234089375,0.6738155861405859
fused,7,unsup,0.005,14.036220835889383,0.8965291421087099,0.0,0.0,0.0,0.0,5476,0,632,0,0.888233234089375,0.6738155861405859
fused,7,unsup,0.01,10.254848179074203,0.907825802226588,1.0,0.10917721518987342,0.19686162624821682,0.0,5476,0,563,69,0.888233234089375,0.6738155861405859
fused,7,unsup,0.02,6.408368572254859,0.9276358873608382,0.9398148148148148,0.3212025316455696,0.47877358490566035,0.00237399561723886,5463,13,429,203,0.888233234089375,0.6738155861405859
fused,7,unsup,0.05,4.363011597859669,0.9402423051735429,0.801354401805869,0.5617088607594937,0.6604651162790698,0.016070124178232285,5388,88,277,355,0.888233234089375,0.6738155861405859
fused,7,unsup,0.1,2.796182246519948,0.912573673870334,0.5720588235294117,0.615506329113924,0.5929878048780488,0.053140978816654486,5185,291,243,389,0.888233234089375,0.6738155861405859
fused,7,semisup,0.001,30.894986402596725,0.8965291421087099,0.0,0.0,0.0,0.0,5476,0,632,0,0.8289263968895341,0.628055121688017
fused,7,semisup,0.002,29.422258236929068,0.8965291421087099,0.0,0.0,0.0,0.0,5476,0,632,0,0.8289263968895341,0.628055121688017
fused,7,semisup,0.005,28.26795946008605,0.8965291421087099,0.0,0.0,0.0,0.0,5476,0,632,0,0.8289263968895341,0.628055121688017
fused,7,semisup,0.01,16.57888282287286,0.9094629993451212,0.9340659340659341,0.13449367088607594,0.2351313969571231,0.0010956902848794738,5470,6,547,85,0.8289263968895341,0.628055121688017
fused,7,semisup,0.02,11.952468393575147,0.9235428945645056,0.9459459459459459,0.27689873417721517,0.4283965728274174,0.001826150474799123,5466,10,457,175,0.8289263968895341,0.628055121688017
fused,7,semisup,0.05,5.328873330894385,0.9335297969875573,0.8284883720930233,0.4509493670886076,0.5840163934426229,0.010774287801314826,5417,59,347,285,0.8289263968895341,0.628055121688017
fused,7,semisup,0.1,2.511086913397299,0.9145383104125737,0.5854037267080745,0.5965189873417721,0.5909090909090909,0.04875821767713659,5209,267,255,377,0.8289263968895341,0.628055121688017
fused,7,hybrid,0.001,14.505853548614597,0.8965291421087099,0.0,0.0,0.0,0.0,5476,0,632,0,0.888233234089375,0.6738155861405859
fused,7,hybrid,0.002,14.051295870935634,0.8965291421087099,0.0,0.0,0.0,0.0,5476,0,632,0,0.888233234089375,0.6738155861405859
fused,7,hybrid,0.005,14.036220835889383,0.8965291421087099,0.0,0.0,0.0,0.0,5476,0,632,0,0.888233234089375,0.6738155861405859
fused,7,hybrid,0.01,10.254848179074203,0.907825802226588,1.0,0.10917721518987342,0.19686162624821682,0.0,5476,0,563,69,0.888233234089375,0.6738155861405859
fused,7,hybrid,0.02,6.408368572254859,0.9276358873608382,0.9398148148148148,0.3212025316455696,0.47877358490566035,0.00237399561723886,5463,13,429,203,0.888233234089375,0.6738155861405859
fused,7,hybrid,0.05,4.363011597859669,0.9402423051735429,0.801354401805869,0.5617088607594937,0.6604651162790698,0.016070124178232285,5388,88,277,355,0.888233234089375,0.6738155861405859
fused,7,hybrid,0.1,2.796182246519948,0.912573673870334,0.5720588235294117,0.615506329113924,0.5929878048780488,0.053140978816654486,5185,291,243,389,0.888233234089375,0.6738155861405859
fused,123,unsup,0.001,8.078289118000438,0.9322732626619552,0.8512396694214877,0.326984126984127,0.4724770642201835,0.005842259006815968,6126,36,424,206,0.8176357397876385,0.5215955265796584
fused,123,unsup,0.002,5.978541896055475,0.9262367491166078,0.6984615384615385,0.3603174603174603,0.47539267015706804,0.015903927296332356,6064,98,403,227,0.8176357397876385,0.5215955265796584
fused,123,unsup,0.005,4.619966186618148,0.910924617196702,0.527114967462039,0.38571428571428573,0.4454628780934922,0.03537812398571892,5944,218,387,243,0.8176357397876385,0.5215955265796584
fused,123,unsup,0.01,3.9437453130378124,0.9060659599528857,0.49393939393939396,0.5174603174603175,0.5054263565891473,0.05420318078545926,5828,334,304,326,0.8176357397876385,0.5215955265796584
fused,123,unsup,0.02,3.1109307804569375,0.8858951707891637,0.4110429447852761,0.5317460317460317,0.46366782006920415,0.07789678675754624,5682,480,295,335,0.8176357397876385,0.5215955265796584
fused,123,unsup,0.05,2.074569212293827,0.8490871613663133,0.32599118942731276,0.5873015873015873,0.4192634560906516,0.12414800389483932,5397,765,260,370,0.8176357397876385,0.5215955265796584
fused,123,unsup,0.1,1.5420721567176634,0.8177267373380448,0.29149519890260633,0.6746031746031746,0.407088122605364,0.16764037650113597,5129,1033,205,425,0.8176357397876385,0.5215955265796584
fused,123,semisup,0.001,5.173889936350976,0.9063604240282686,0.0,0.0,0.0,0.000973709834469328,6156,6,630,0,0.44107226575581004,0.0781257202573711
fused,123,semisup,0.002,4.859285802276721,0.9057714958775029,0.0,0.0,0.0,0.0016228497241155466,6152,10,630,0,0.44107226575581004,0.0781257202573711
fused,123,semisup,0.005,4.406255060816112,0.9020906949352179,0.0,0.0,0.0,0.005679974034404413,6127,35,630,0,0.44107226575581004,0.0781257202573711
fused,123,semisup,0.01,3.942456524603477,0.8962014134275619,0.04819277108433735,0.006349206349206349,0.011220196353436185,0.012820512820512818,6083,79,626,4,0.44107226575581004,0.0781257202573711
fused,123,semisup,0.02,3.2480093832214,0.8854534746760895,0.08888888888888889,0.025396825396825397,0.03950617283950617,0.026614735475494967,5998,164,614,16,0.44107226575581004,0.0781257202573711
fused,123,semisup,0.05,2.323152411166611,0.8483510011778563,0.06140350877192982,0.044444444444444446,0.05156537753222836,0.06945796819214539,5734,428,602,28,0.44107226575581004,0.0781257202573711
fused,123,semisup,0.1,1.6201874271846415,0.7739988221436984,0.06448508180943215,0.10634920634920635,0.08028759736369083,0.15774099318403115,5190,972,563,67,0.44107226575581004,0.0781257202573711
fused,123,hybrid,0.001,6.140817857187118,0.931831566548881,0.8408163265306122,0.326984126984127,0.47085714285714286,0.006329113924050632,6123,39,424,206,0.7902337933983504,0.5065380358630873
fused,123,hybrid,0.002,5.0896718556322424,0.9265312131919906,0.7092651757188498,0.3523809523809524,0.4708377518557794,0.014767932489451475,6071,91,408,222,0.7902337933983504,0.5065380358630873
fused,123,hybrid,0.005,3.7265406621780084,0.9075382803297998,0.5020746887966805,0.38412698412698415,0.4352517985611511,0.03894839337877312,5922,240,388,242,0.7902337933983504,0.5065380358630873
fused,123,hybrid,0.01,3.165311071754093,0.898851590106007,0.45395799676898224,0.44603174603174606,0.4499599679743795,0.054852320675105475,5824,338,349,281,0.7902337933983504,0.5065380358630873
fused,123,hybrid,0.02,2.502001456296579,0.8857479387514723,0.41075794621026895,0.5333333333333333,0.46408839779005523,0.07822135670236935,5680,482,294,336,0.7902337933983504,0.5065380358630873
fused,123,hybrid,0.05,1.6478014028260997,0.8483510011778563,0.32174688057041,0.573015873015873,0.4121004566210046,0.1234988640051931,5401,761,269,361,0.7902337933983504,0.5065380358630873
fused,123,hybrid,0.1,1.2212294484094044,0.8118374558303887,0.2813765182186235,0.6619047619047619,0.39488636363636365,0.17283349561830572,5097,1065,213,417,0.7902337933983504,0.5065380358630873
fused,2024,unsup,0.001,8.986874681485098,0.9296703296703297,0.9261363636363636,0.25873015873015875,0.4044665012406948,0.002098466505246166,6182,13,467,163,0.7291581792792446,0.5144105698599363
fused,2024,unsup,0.002,7.1138376936526235,0.9364102564102564,0.8740458015267175,0.3634920634920635,0.5134529147982063,0.00532687651331719,6162,33,401,229,0.7291581792792446,0.5144105698599363
fused,2024,unsup,0.005,6.165936379671439,0.9371428571428572,0.8316831683168316,0.4,0.5401929260450161,0.008232445520581113,6144,51,378,252,0.7291581792792446,0.5144105698599363
fused,2024,unsup,0.01,5.551891575783655,0.9326007326007326,0.747093023255814,0.40793650793650793,0.5277207392197125,0.014043583535108957,6108,87,373,257,0.7291581792792446,0.5144105698599363
fused,2024,unsup,0.02,4.848672865296044,0.9219047619047619,0.6104783599088838,0.4253968253968254,0.5014031805425632,0.02760290556900726,6024,171,362,268,0.7291581792792446,0.5144105698599363
fused,2024,unsup,0.05,3.832951023396731,0.8987545787545788,0.45508100147275404,0.49047619047619045,0.4721161191749427,0.059725585149313955,5825,370,321,309,0.7291581792792446,0.5144105698599363
fused,2024,unsup,0.1,3.086750678299906,0.84996336996337,0.31309297912713474,0.5238095238095238,0.3919239904988123,0.11686844229217108,5471,724,300,330,0.7291581792792446,0.5144105698599363
fused,2024,semisup,0.001,4.861737923519335,0.9343589743589743,0.9026548672566371,0.3238095238095238,0.4766355140186916,0.003551251008878127,6173,22,426,204,0.6711892591311477,0.44877893857741424
fused,2024,semisup,0.002,4.21061017161739,0.9345054945054945,0.8828451882845189,0.3349206349206349,0.4856156501726122,0.004519774011299434,6167,28,419,211,0.6711892591311477,0.44877893857741424
fused,2024,semisup,0.005,3.5709480745189324,0.9317216117216117,0.7992700729927007,0.3476190476190476,0.48451327433628316,0.008878127522195318,6140,55,411,219,0.6711892591311477,0.44877893857741424
fused,2024,semisup,0.01,3.127794079676693,0.9295238095238095,0.7475083056478405,0.35714285714285715,0.4833512352309345,0.012267958030669893,6119,76,405,225,0.6711892591311477,0.44877893857741424
fused,2024,semisup,0.02,2.4343684087781536,0.916043956043956,0.5676959619952494,0.37936507936507935,0.4548049476688868,0.029378531073446325,6013,182,391,239,0.6711892591311477,0.44877893857741424
fused,2024,semisup,0.05,1.8408289533451638,0.8904029304029304,0.40752351097178685,0.4126984126984127,0.41009463722397477,0.06101694915254236,5817,378,370,260,0.6711892591311477,0.44877893857741424
fused,2024,semisup,0.1,1.3579159247273407,0.8369230769230769,0.2680115273775216,0.44285714285714284,0.3339317773788151,0.12300242130750604,5433,762,351,279,0.6711892591311477,0.44877893857741424
fused,2024,hybrid,0.001,8.986874681485098,0.9296703296703297,0.9261363636363636,0.25873015873015875,0.4044665012406948,0.002098466505246166,6182,13,467,163,0.7291581792792446,0.5144105698599363
fused,2024,hybrid,0.002,7.1138376936526235,0.9364102564102564,0.8740458015267175,0.3634920634920635,0.5134529147982063,0.00532687651331719,6162,33,401,229,0.7291581792792446,0.5144105698599363
fused,2024,hybrid,0.005,6.165936379671439,0.9371428571428572,0.8316831683168316,0.4,0.5401929260450161,0.008232445520581113,6144,51,378,252,0.7291581792792446,0.5144105698599363
fused,2024,hybrid,0.01,5.551891575783655,0.9326007326007326,0.747093023255814,0.40793650793650793,0.5277207392197125,0.014043583535108957,6108,87,373,257,0.7291581792792446,0.5144105698599363
fused,2024,hybrid,0.02,4.848672865296044,0.9219047619047619,0.6104783599088838,0.4253968253968254,0.5014031805425632,0.02760290556900726,6024,171,362,268,0.7291581792792446,0.5144105698599363
fused,2024,hybrid,0.05,3.832951023396731,0.8987545787545788,0.45508100147275404,0.49047619047619045,0.4721161191749427,0.059725585149313955,5825,370,321,309,0.7291581792792446,0.5144105698599363
fused,2024,hybrid,0.1,3.086750678299906,0.84996336996337,0.31309297912713474,0.5238095238095238,0.3919239904988123,0.11686844229217108,5471,724,300,330,0.7291581792792446,0.5144105698599363
fused,31337,unsup,0.001,12.623384136072437,0.9070517519425304,0.0,0.0,0.0,0.0,6187,0,634,0,0.7960282550315381,0.41255649436133457
fused,31337,unsup,0.002,12.420568633150017,0.9070517519425304,0.0,0.0,0.0,0.0,6187,0,634,0,0.7960282550315381,0.41255649436133457
fused,31337,unsup,0.005,12.048858528904203,0.9070517519425304,0.0,0.0,0.0,0.0,6187,0,634,0,0.7960282550315381,0.41255649436133457
fused,31337,unsup,0.01,8.325164351515518,0.9124761765137077,0.8775510204081632,0.06782334384858044,0.1259150805270864,0.0009697753353806367,6181,6,591,43,0.7960282550315381,0.41255649436133457
fused,31337,unsup,0.02,5.912102419336761,0.9121829643747251,0.8301886792452831,0.0694006309148265,0.12809315866084425,0.001454663003070955,6178,9,590,44,0.7960282550315381,0.41255649436133457
fused,31337,unsup,0.05,4.3863797097455395,0.9121829643747251,0.7108433734939759,0.09305993690851735,0.16457461645746166,0.0038791013415225466,6163,24,575,59,0.7960282550315381,0.41255649436133457
fused,31337,unsup,0.1,3.6519125758694604,0.9120363583052339,0.6976744186046512,0.0946372239747634,0.16666666666666666,0.004202359786649425,6161,26,574,60,0.7960282550315381,0.41255649436133457
fused,31337,semisup,0.001,10.860390822353294,0.9070517519425304,0.0,0.0,0.0,0.0,6187,0,634,0,0.4725591055632574,0.1119235274641986
fused,31337,semisup,0.002,10.855126618208054,0.9070517519425304,0.0,0.0,0.0,0.0,6187,0,634,0,0.4725591055632574,0.1119235274641986
fused,31337,semisup,0.005,10.849486376699998,0.9070517519425304,0.0,0.0,0.0,0.0,6187,0,634,0,0.4725591055632574,0.1119235274641986
fused,31337,semisup,0.01,7.185566751144455,0.9086644187069345,0.8235294117647058,0.022082018927444796,0.043010752688172046,0.0004848876676903183,6184,3,620,14,0.4725591055632574,0.1119235274641986
fused,31337,semisup,0.02,5.405046625939878,0.9030933880662659,0.2631578947368421,0.02365930599369085,0.04341534008683068,0.006788427347664457,6145,42,619,15,0.4725591055632574,0.1119235274641986
fused,31337,semisup,0.05,4.467086677529778,0.8879929629086645,0.19047619047619047,0.06309148264984227,0.0947867298578199,0.027476967835784707,6017,170,594,40,0.4725591055632574,0.1119235274641986
fused,31337,semisup,0.1,3.7437650608468727,0.8497287787714412,0.08668076109936575,0.06466876971608833,0.07407407407407407,0.06982382414740584,5755,432,593,41,0.4725591055632574,0.1119235274641986
fused,31337,hybrid,0.001,12.623384136072437,0.9070517519425304,0.0,0.0,0.0,0.0,6187,0,634,0,0.7960282550315381,0.41255649436133457
fused,31337,hybrid,0.002,12.420568633150017,0.9070517519425304,0.0,0.0,0.0,0.0,6187,0,634,0,0.7960282550315381,0.41255649436133457
fused,31337,hybrid,0.005,12.048858528904203,0.9070517519425304,0.0,0.0,0.0,0.0,6187,0,634,0,0.7960282550315381,0.41255649436133457
fused,31337,hybrid,0.01,8.325164351515518,0.9124761765137077,0.8775510204081632,0.06782334384858044,0.1259150805270864,0.0009697753353806367,6181,6,591,43,0.7960282550315381,0.41255649436133457
fused,31337,hybrid,0.02,5.912102419336761,0.9121829643747251,0.8301886792452831,0.0694006309148265,0.12809315866084425,0.001454663003070955,6178,9,590,44,0.7960282550315381,0.41255649436133457
fused,31337,hybrid,0.05,4.3863797097455395,0.9121829643747251,0.7108433734939759,0.09305993690851735,0.16457461645746166,0.0038791013415225466,6163,24,575,59,0.7960282550315381,0.41255649436133457
fused,31337,hybrid,0.1,3.6519125758694604,0.9120363583052339,0.6976744186046512,0.0946372239747634,0.16666666666666666,0.004202359786649425,6161,26,574,60,0.7960282550315381,0.41255649436133457
net_only,42,unsup,0.001,4.397897080580946,0.8972849198560681,0.0,0.0,0.0,0.0,5486,0,628,0,0.43959697063283265,0.11177756944621346
net_only,42,unsup,0.002,4.230750065122116,0.8972849198560681,0.0,0.0,0.0,0.0,5486,0,628,0,0.43959697063283265,0.11177756944621346
net_only,42,unsup,0.005,3.872705582133619,0.8972849198560681,0.0,0.0,0.0,0.0,5486,0,628,0,0.43959697063283265,0.11177756944621346
net_only,42,unsup,0.01,3.505245392459313,0.8959764474975466,0.0,0.0,0.0,0.0014582573824279983,5478,8,628,0,0.43959697063283265,0.11177756944621346
net_only,42,unsup,0.02,2.8349231192762163,0.8861629048086359,0.014285714285714285,0.0015923566878980893,0.0028653295128939827,0.012577469923441486,5417,69,627,1,0.43959697063283265,0.11177756944621346
net_only,42,unsup,0.05,2.2976127559083115,0.8707883545960091,0.18846153846153846,0.07802547770700637,0.11036036036036036,0.03846153846153846,5275,211,579,49,0.43959697063283265,0.11177756944621346
net_only,42,unsup,0.1,1.661835827625866,0.7070657507360157,0.12843450479233226,0.3200636942675159,0.18331053351573187,0.2486328837039737,4122,1364,427,201,0.43959697063283265,0.11177756944621346
net_only,42,semisup,0.001,1.2326750177718429,0.8972849198560681,0.0,0.0,0.0,0.0,5486,0,628,0,0.5394971798509698,0.20876673319769937
net_only,42,semisup,0.002,1.2326750177718424,0.8992476283938502,1.0,0.01910828025477707,0.0375,0.0,5486,0,616,12,0.5394971798509698,0.20876673319769937
net_only,42,semisup,0.005,1.2326750177718397,0.8984298331697743,0.64,0.025477707006369428,0.04900459418070444,0.001640539555231498,5477,9,612,16,0.5394971798509698,0.20876673319769937
net_only,42,semisup,0.01,1.232674813369613,0.8961400065423618,0.41025641025641024,0.025477707006369428,0.047976011994003,0.004192489974480495,5463,23,612,16,0.5394971798509698,0.20876673319769937
net_only,42,semisup,0.02,1.1634252944603505,0.8954857703631011,0.4485981308411215,0.07643312101910828,0.1306122448979592,0.010754648195406488,5427,59,580,48,0.5394971798509698,0.20876673319769937
net_only,42,semisup,0.05,1.117142411656438,0.8814196925089958,0.29004329004329005,0.10668789808917198,0.1559953434225844,0.029894276339773967,5322,164,561,67,0.5394971798509698,0.20876673319769937
net_only,42,semisup,0.1,1.0954846898003725,0.8794569839712136,0.3046594982078853,0.13535031847133758,0.1874310915104741,0.03536274152387896,5292,194,543,85,0.5394971798509698,0.20876673319769937
net_only,42,hybrid,0.001,4.397897080580946,0.8972849198560681,0.0,0.0,0.0,0.0,5486,0,628,0,0.43959697063283265,0.11177756944621346
net_only,42,hybrid,0.002,4.230750065122116,0.8972849198560681,0.0,0.0,0.0,0.0,5486,0,628,0,0.43959697063283265,0.11177756944621346
net_only,42,hybrid,0.005,3.872705582133619,0.8972849198560681,0.0,0.0,0.0,0.0,5486,0,628,0,0.43959697063283265,0.11177756944621346
net_only,42,hybrid,0.01,3.505245392459313,0.8959764474975466,0.0,0.0,0.0,0.0014582573824279983,5478,8,628,0,0.43959697063283265,0.11177756944621346
net_only,42,hybrid,0.02,2.8349231192762163,0.8861629048086359,0.014285714285714285,0.0015923566878980893,0.0028653295128939827,0.012577469923441486,5417,69,627,1,0.43959697063283265,0.11177756944621346
net_only,42,hybrid,0.05,2.2976127559083115,0.8707883545960091,0.18846153846153846,0.07802547770700637,0.11036036036036036,0.03846153846153846,5275,211,579,49,0.43959697063283265,0.11177756944621346
net_only,42,hybrid,0.1,1.661835827625866,0.7070657507360157,0.12843450479233226,0.3200636942675159,0.18331053351573187,0.2486328837039737,4122,1364,427,201,0.43959697063283265,0.11177756944621346
net_only,7,unsup,0.001,2.749282681227635,0.8965291421087099,0.0,0.0,0.0,0.0,5476,0,632,0,0.5432606956939834,0.14099559922253307
net_only,7,unsup,0.002,2.560035470269436,0.8965291421087099,0.0,0.0,0.0,0.0,5476,0,632,0,0.5432606956939834,0.14099559922253307
net_only,7,unsup,0.005,2.379506536650539,0.8965291421087099,0.0,0.0,0.0,0.0,5476,0,632,0,0.5432606956939834,0.14099559922253307
net_only,7,unsup,0.01,2.1172710464517,0.8965291421087099,0.0,0.0,0.0,0.0,5476,0,632,0,0.5432606956939834,0.14099559922253307
net_only,7,unsup,0.02,1.8720019532090377,0.8965291421087099,0.0,0.0,0.0,0.0,5476,0,632,0,0.5432606956939834,0.14099559922253307
net_only,7,unsup,0.05,1.308921266771303,0.8831041257367387,0.1796875,0.03639240506329114,0.060526315789473685,0.019174579985390794,5371,105,609,23,0.5432606956939834,0.14099559922253307
net_only,7,unsup,0.1,0.7849606716373246,0.6938441388343156,0.1446613088404133,0.3987341772151899,0.21229991575400167,0.27209642074506935,3986,1490,380,252,0.5432606956939834,0.14099559922253307
net_only,7,semisup,0.001,0.6744929145891093,0.8965291421087099,0.0,0.0,0.0,0.0,5476,0,632,0,0.41168467582361695,0.14343965863305724
net_only,7,semisup,0.002,0.674492914589109,0.8965291421087099,0.0,0.0,0.0,0.0,5476,0,632,0,0.41168467582361695,0.14343965863305724
net_only,7,semisup,0.005,0.6744929145891063,0.8965291421087099,0.0,0.0,0.0,0.0,5476,0,632,0,0.41168467582361695,0.14343965863305724
net_only,7,semisup,0.01,0.6744907577722757,0.8966928618205632,0.5454545454545454,0.00949367088607595,0.01866251944012442,0.0009130752373995616,5471,5,626,6,0.41168467582361695,0.14343965863305724
net_only,7,semisup,0.02,0.6744907577722189,0.8955468238375901,0.44,0.03481012658227848,0.06451612903225806,0.005113221329437545,5448,28,610,22,0.41168467582361695,0.14343965863305724
net_only,7,semisup,0.05,0.6609220417861168,0.8914538310412574,0.3577981651376147,0.061708860759493674,0.10526315789473684,0.012783053323593863,5406,70,593,39,0.41168467582361695,0.14343965863305724
net_only,7,semisup,0.1,0.6558922623307752,0.8904715127701375,0.3391304347826087,0.061708860759493674,0.10441767068273092,0.013878743608473337,5400,76,593,39,0.41168467582361695,0.14343965863305724
net_only,7,hybrid,0.001,0.5791646781455334,0.8965291421087099,0.0,0.0,0.0,0.0,5476,0,632,0,0.467479062838069,0.12788348190253593
net_only,7,hybrid,0.002,0.546924767618549,0.8965291421087099,0.0,0.0,0.0,0.0,5476,0,632,0,0.467479062838069,0.12788348190253593
net_only,7,hybrid,0.005,0.5395945472895748,0.8963654223968566,0.0,0.0,0.0,0.00018261504747991232,5475,1,632,0,0.467479062838069,0.12788348190253593
net_only,7,hybrid,0.01,0.5395945472895748,0.8963654223968566,0.0,0.0,0.0,0.00018261504747991232,5475,1,632,0,0.467479062838069,0.12788348190253593
net_only,7,hybrid,0.02,0.5395945472895748,0.8963654223968566,0.0,0.0,0.0,0.00018261504747991232,5475,1,632,0,0.467479062838069,0.12788348190253593
net_only,7,hybrid,0.05,0.5395945472895677,0.8955468238375901,0.45,0.04272151898734177,0.07803468208092486,0.006026296566837106,5443,33,605,27,0.467479062838069,0.12788348190253593
net_only,7,hybrid,0.1,0.5395945472895677,0.8955468238375901,0.45,0.04272151898734177,0.07803468208092486,0.006026296566837106,5443,33,605,27,0.467479062838069,0.12788348190253593
net_only,123,unsup,0.001,2.6204237858187738,0.8786808009422851,0.0,0.0,0.0,0.03148328464784161,5968,194,630,0,0.48051060519414945,0.09355820662418671
net_only,123,unsup,0.002,2.5901901268862124,0.8780918727915195,0.0,0.0,0.0,0.032132424537487825,5964,198,630,0,0.48051060519414945,0.09355820662418671
net_only,123,unsup,0.005,2.3249277516135747,0.859982332155477,0.009174311926605505,0.004761904761904762,0.006269592476489028,0.05258033106134371,5838,324,627,3,0.48051060519414945,0.09355820662418671
net_only,123,unsup,0.01,2.13096122189679,0.8442285041224971,0.046610169491525424,0.03492063492063492,0.039927404718693285,0.07302823758519959,5712,450,608,22,0.48051060519414945,0.09355820662418671
net_only,123,unsup,0.02,1.9851409248374103,0.8389281507656066,0.052123552123552123,0.04285714285714286,0.047038327526132406,0.07968192145407334,5671,491,603,27,0.48051060519414945,0.09355820662418671
net_only,123,unsup,0.05,1.896009066381684,0.826266195524146,0.08333333333333333,0.0873015873015873,0.08527131782945736,0.09818240830899057,5557,605,575,55,0.48051060519414945,0.09355820662418671
net_only,123,unsup,0.1,1.706839089233576,0.8128680800942285,0.08322496749024708,0.10158730158730159,0.091493924231594,0.11441090555014603,5457,705,566,64,0.48051060519414945,0.09355820662418671
net_only,123,semisup,0.001,1.5728047360768784,0.8925206124852768,0.10317460317460317,0.020634920634920634,0.03439153439153439,0.018338201882505678,6049,113,617,13,0.4601027547230079,0.08987416732398773
net_only,123,semisup,0.002,1.5453708088733769,0.890017667844523,0.09090909090909091,0.020634920634920634,0.03363518758085381,0.021097046413502105,6032,130,617,13,0.4601027547230079,0.08987416732398773
net_only,123,semisup,0.005,1.5310201532769367,0.8869257950530035,0.07926829268292683,0.020634920634920634,0.0327455919395466,0.024505030834144754,6011,151,617,13,0.4601027547230079,0.08987416732398773
net_only,123,semisup,0.01,1.5093822076236736,0.8616018845700825,0.04142011834319527,0.022222222222222223,0.028925619834710745,0.05258033106134371,5838,324,616,14,0.4601027547230079,0.08987416732398773
net_only,123,semisup,0.02,1.4674414820405202,0.8277385159010601,0.07547169811320754,0.0761904761904762,0.07582938388625593,0.09542356377799414,5574,588,582,48,0.4601027547230079,0.08987416732398773
net_only,123,semisup,0.05,0.7927067997186135,0.7351295641931684,0.04654771140418929,0.09523809523809523,0.06253256904637833,0.1994482310938007,4933,1229,570,60,0.4601027547230079,0.08987416732398773
net_only,123,semisup,0.1,0.70961437069343,0.707449941107185,0.09970501474926254,0.26825396825396824,0.14537634408602151,0.24764686790003243,4636,1526,461,169,0.4601027547230079,0.08987416732398773
net_only,123,hybrid,0.001,1.5728047360768784,0.8925206124852768,0.10317460317460317,0.020634920634920634,0.03439153439153439,0.018338201882505678,6049,113,617,13,0.4601027547230079,0.08987416732398773
net_only,123,hybrid,0.002,1.5453708088733769,0.890017667844523,0.09090909090909091,0.020634920634920634,0.03363518758085381,0.021097046413502105,6032,130,617,13,0.4601027547230079,0.08987416732398773
net_only,123,hybrid,0.005,1.5310201532769367,0.8869257950530035,0.07926829268292683,0.020634920634920634,0.0327455919395466,0.024505030834144754,6011,151,617,13,0.4601027547230079,0.08987416732398773
net_only,123,hybrid,0.01,1.5093822076236736,0.8616018845700825,0.04142011834319527,0.022222222222222223,0.028925619834710745,0.05258033106134371,5838,324,616,14,0.4601027547230079,0.08987416732398773
net_only,123,hybrid,0.02,1.4674414820405202,0.8277385159010601,0.07547169811320754,0.0761904761904762,0.07582938388625593,0.09542356377799414,5574,588,582,48,0.4601027547230079,0.08987416732398773
net_only,123,hybrid,0.05,0.7927067997186135,0.7351295641931684,0.04654771140418929,0.09523809523809523,0.06253256904637833,0.1994482310938007,4933,1229,570,60,0.4601027547230079,0.08987416732398773
net_only,123,hybrid,0.1,0.70961437069343,0.707449941107185,0.09970501474926254,0.26825396825396824,0.14537634408602151,0.24764686790003243,4636,1526,461,169,0.4601027547230079,0.08987416732398773
net_only,2024,unsup,0.001,5.5559982528827945,0.8808791208791209,0.0,0.0,0.0,0.029539951573849876,6012,183,630,0,0.5400659774267522,0.1096812471271861
net_only,2024,unsup,0.002,5.321751034783856,0.8786813186813187,0.0,0.0,0.0,0.031961259079903145,5997,198,630,0,0.5400659774267522,0.1096812471271861
net_only,2024,unsup,0.005,4.514491791811255,0.8561172161172161,0.0,0.0,0.0,0.05682001614205003,5843,352,630,0,0.5400659774267522,0.1096812471271861
net_only,2024,unsup,0.01,3.899737093208377,0.8402930402930403,0.0,0.0,0.0,0.07425343018563356,5735,460,630,0,0.5400659774267522,0.1096812471271861
net_only,2024,unsup,0.02,3.255724114367408,0.8224175824175824,0.018211920529801324,0.01746031746031746,0.017828200972447326,0.09572235673930587,5602,593,619,11,0.5400659774267522,0.1096812471271861
net_only,2024,unsup,0.05,2.8475157367879187,0.8164102564102564,0.1480225988700565,0.20793650793650795,0.17293729372937294,0.12171105730427763,5441,754,499,131,0.5400659774267522,0.1096812471271861
net_only,2024,unsup,0.1,2.503805476129722,0.8057142857142857,0.18478260869565216,0.3238095238095238,0.23529411764705882,0.14527845036319612,5295,900,426,204,0.5400659774267522,0.1096812471271861
net_only,2024,semisup,0.001,2.498689611903467,0.904029304029304,0.0,0.0,0.0,0.004035512510088781,6170,25,630,0,0.3977996848456897,0.08064706371136171
net_only,2024,semisup,0.002,2.472906244132543,0.9018315018315018,0.0,0.0,0.0,0.006456820016142049,6155,40,630,0,0.3977996848456897,0.08064706371136171
net_only,2024,semisup,0.005,2.4330825678346377,0.8939194139194139,0.08035714285714286,0.014285714285714285,0.02425876010781671,0.016626311541565776,6092,103,621,9,0.3977996848456897,0.08064706371136171
net_only,2024,semisup,0.01,2.4316541599959667,0.8805860805860806,0.13147410358565736,0.05238095238095238,0.07491486946651532,0.03518966908797417,5977,218,597,33,0.3977996848456897,0.08064706371136171
net_only,2024,semisup,0.02,2.406430654923662,0.8609523809523809,0.13333333333333333,0.09206349206349207,0.10892018779342723,0.060855528652138814,5818,377,572,58,0.3977996848456897,0.08064706371136171
net_only,2024,semisup,0.05,2.3559286839067286,0.8165567765567766,0.09293193717277487,0.1126984126984127,0.10186513629842181,0.111864406779661,5502,693,559,71,0.3977996848456897,0.08064706371136171
net_only,2024,semisup,0.1,2.177838071861266,0.7331868131868132,0.07974594213126324,0.17936507936507937,0.11040547142159257,0.2104923325262308,4891,1304,517,113,0.3977996848456897,0.08064706371136171
net_only,2024,hybrid,0.001,2.498689611903467,0.904029304029304,0.0,0.0,0.0,0.004035512510088781,6170,25,630,0,0.3977996848456897,0.08064706371136171
net_only,2024,hybrid,0.002,2.472906244132543,0.9018315018315018,0.0,0.0,0.0,0.006456820016142049,6155,40,630,0,0.3977996848456897,0.08064706371136171
net_only,2024,hybrid,0.005,2.4330825678346377,0.8939194139194139,0.08035714285714286,0.014285714285714285,0.02425876010781671,0.016626311541565776,6092,103,621,9,0.3977996848456897,0.08064706371136171
net_only,2024,hybrid,0.01,2.4316541599959667,0.8805860805860806,0.13147410358565736,0.05238095238095238,0.07491486946651532,0.03518966908797417,5977,218,597,33,0.3977996848456897,0.08064706371136171
net_only,2024,hybrid,0.02,2.406430654923662,0.8609523809523809,0.13333333333333333,0.09206349206349207,0.10892018779342723,0.060855528652138814,5818,377,572,58,0.3977996848456897,0.08064706371136171
net_only,2024,hybrid,0.05,2.3559286839067286,0.8165567765567766,0.09293193717277487,0.1126984126984127,0.10186513629842181,0.111864406779661,5502,693,559,71,0.3977996848456897,0.08064706371136171
net_only,2024,hybrid,0.1,2.177838071861266,0.7331868131868132,0.07974594213126324,0.17936507936507937,0.11040547142159257,0.2104923325262308,4891,1304,517,113,0.3977996848456897,0.08064706371136171
net_only,31337,unsup,0.001,1.2473182521246826,0.9001612666764404,0.0,0.0,0.0,0.007596573460481654,6140,47,634,0,0.6412469872975747,0.1431830284841613
net_only,31337,unsup,0.002,1.1714757727502525,0.8932707814103504,0.0,0.0,0.0,0.015193146920963308,6093,94,634,0,0.6412469872975747,0.1431830284841613
net_only,31337,unsup,0.005,0.9524238977532579,0.8731857498900455,0.0,0.0,0.0,0.03733635041215451,5956,231,634,0,0.6412469872975747,0.1431830284841613
net_only,31337,unsup,0.01,0.8966376706127401,0.8482627180765284,0.012165450121654502,0.007886435331230283,0.009569377990430622,0.06562146436075642,5781,406,629,5,0.6412469872975747,0.1431830284841613
net_only,31337,unsup,0.02,0.8523605420831109,0.8378536871426477,0.029880478087649404,0.02365930599369085,0.02640845070422535,0.07871343138839501,5700,487,619,15,0.6412469872975747,0.1431830284841613
net_only,31337,unsup,0.05,0.7952892304065616,0.8297903533206274,0.09273570324574962,0.0946372239747634,0.0936768149882904,0.09487635364473895,5600,587,574,60,0.6412469872975747,0.1431830284841613
net_only,31337,unsup,0.1,0.7508609743862124,0.819967746664712,0.16095890410958905,0.222397476340694,0.18675496688741722,0.118797478584128,5452,735,493,141,0.6412469872975747,0.1431830284841613
net_only,31337,semisup,0.001,2.904497919166292,0.9069051458730392,0.0,0.0,0.0,0.00016162922256343943,6186,1,634,0,0.2838795500283233,0.0636858125573835
net_only,31337,semisup,0.002,2.8090625161498073,0.9061721155255827,0.0,0.0,0.0,0.0009697753353806367,6181,6,634,0,0.2838795500283233,0.0636858125573835
net_only,31337,semisup,0.005,2.7008402515480316,0.9023603577188095,0.0,0.0,0.0,0.005172135122030062,6155,32,634,0,0.2838795500283233,0.0636858125573835
net_only,31337,semisup,0.01,2.4934942183628075,0.8967893270781411,0.0,0.0,0.0,0.011314045579440761,6117,70,634,0,0.2838795500283233,0.0636858125573835
net_only,31337,semisup,0.02,2.161449481503941,0.8890192053951034,0.0,0.0,0.0,0.01988039437530305,6064,123,634,0,0.2838795500283233,0.0636858125573835
net_only,31337,semisup,0.05,1.73538216298075,0.8786101744612227,0.0,0.0,0.0,0.03135606917730725,5993,194,634,0,0.2838795500283233,0.0636858125573835
net_only,31337,semisup,0.1,0.25855423468270017,0.8605776279137957,0.04057971014492753,0.022082018927444796,0.028600612870275793,0.05349927266849846,5856,331,620,14,0.2838795500283233,0.0636858125573835
net_only,31337,hybrid,0.001,2.904497919166292,0.9069051458730392,0.0,0.0,0.0,0.00016162922256343943,6186,1,634,0,0.2838795500283233,0.0636858125573835
net_only,31337,hybrid,0.002,2.8090625161498073,0.9061721155255827,0.0,0.0,0.0,0.0009697753353806367,6181,6,634,0,0.2838795500283233,0.0636858125573835
net_only,31337,hybrid,0.005,2.7008402515480316,0.9023603577188095,0.0,0.0,0.0,0.005172135122030062,6155,32,634,0,0.2838795500283233,0.0636858125573835
net_only,31337,hybrid,0.01,2.4934942183628075,0.8967893270781411,0.0,0.0,0.0,0.011314045579440761,6117,70,634,0,0.2838795500283233,0.0636858125573835
net_only,31337,hybrid,0.02,2.161449481503941,0.8890192053951034,0.0,0.0,0.0,0.01988039437530305,6064,123,634,0,0.2838795500283233,0.0636858125573835
net_only,31337,hybrid,0.05,1.73538216298075,0.8786101744612227,0.0,0.0,0.0,0.03135606917730725,5993,194,634,0,0.2838795500283233,0.0636858125573835
net_only,31337,hybrid,0.1,0.25855423468270017,0.8605776279137957,0.04057971014492753,0.022082018927444796,0.028600612870275793,0.05349927266849846,5856,331,620,14,0.2838795500283233,0.0636858125573835
sen_only,42,unsup,0.001,21.138868964356536,0.9013738959764475,0.8205128205128205,0.050955414012738856,0.095952023988006,0.0012759752096244985,5479,7,596,32,0.7686273223561539,0.552122536906813
sen_only,42,unsup,0.002,17.29318079040887,0.918384036637226,0.9387755102040817,0.2197452229299363,0.3561290322580645,0.001640539555231498,5477,9,490,138,0.7686273223561539,0.552122536906813
sen_only,42,unsup,0.005,13.630717237952538,0.9254170755642787,0.8524590163934426,0.33121019108280253,0.47706422018348627,0.006562158220925992,5450,36,420,208,0.7686273223561539,0.552122536906813
sen_only,42,unsup,0.01,11.769839041189284,0.9368662087013412,0.8235294117647058,0.49044585987261147,0.6147704590818364,0.012030623405030985,5420,66,320,308,0.7686273223561539,0.552122536906813
sen_only,42,unsup,0.02,9.86856994167762,0.92198233562316,0.656964656964657,0.5031847133757962,0.569882777276826,0.030076558512577466,5321,165,312,316,0.7686273223561539,0.552122536906813
sen_only,42,unsup,0.05,7.867287527375561,0.8913967942427217,0.4748603351955307,0.5414012738853503,0.5059523809523809,0.06853809697411592,5110,376,288,340,0.7686273223561539,0.552122536906813
sen_only,42,unsup,0.1,6.321734783442054,0.844946025515211,0.35074626865671643,0.5987261146496815,0.4423529411764706,0.12686839227123586,4790,696,252,376,0.7686273223561539,0.552122536906813
sen_only,42,semisup,0.001,24.97067475046806,0.9018645731108931,0.8333333333333334,0.05573248407643312,0.1044776119402985,0.0012759752096244985,5479,7,593,35,0.7670674745907938,0.5462771611710839
sen_only,42,semisup,0.002,19.646937518514807,0.9178933595027805,0.9375,0.21496815286624205,0.34974093264248707,0.001640539555231498,5477,9,493,135,0.7670674745907938,0.5462771611710839
sen_only,42,semisup,0.005,14.76437957446765,0.9231272489368663,0.8405172413793104,0.3105095541401274,0.45348837209302323,0.006744440393729493,5449,37,433,195,0.7670674745907938,0.5462771611710839
sen_only,42,semisup,0.01,12.166660177669373,0.9342492639842983,0.8070652173913043,0.4729299363057325,0.5963855421686747,0.012942034269048485,5415,71,331,297,0.7670674745907938,0.5462771611710839
sen_only,42,semisup,0.02,9.889892507013387,0.9210009813542689,0.648870636550308,0.5031847133757962,0.5668161434977579,0.031170251549398464,5315,171,312,316,0.7670674745907938,0.5462771611710839
sen_only,42,semisup,0.05,7.6711115228367595,0.8925417075564279,0.48027210884353744,0.5621019108280255,0.5179750550256786,0.06963179001093692,5104,382,275,353,0.7670674745907938,0.5462771611710839
sen_only,42,semisup,0.1,5.994990782861929,0.8292443572129539,0.32491582491582494,0.6146496815286624,0.4251101321585903,0.14619030258840682,4684,802,242,386,0.7670674745907938,0.5462771611710839
sen_only,42,hybrid,0.001,21.138868964356536,0.9013738959764475,0.8205128205128205,0.050955414012738856,0.095952023988006,0.0012759752096244985,5479,7,596,32,0.7686273223561539,0.552122536906813
sen_only,42,hybrid,0.002,17.29318079040887,0.918384036637226,0.9387755102040817,0.2197452229299363,0.3561290322580645,0.001640539555231498,5477,9,490,138,0.7686273223561539,0.552122536906813
sen_only,42,hybrid,0.005,13.630717237952538,0.9254170755642787,0.8524590163934426,0.33121019108280253,0.47706422018348627,0.006562158220925992,5450,36,420,208,0.7686273223561539,0.552122536906813
sen_only,42,hybrid,0.01,11.769839041189284,0.9368662087013412,0.8235294117647058,0.49044585987261147,0.6147704590818364,0.012030623405030985,5420,66,320,308,0.7686273223561539,0.552122536906813
sen_only,42,hybrid,0.02,9.86856994167762,0.92198233562316,0.656964656964657,0.5031847133757962,0.569882777276826,0.030076558512577466,5321,165,312,316,0.7686273223561539,0.552122536906813
sen_only,42,hybrid,0.05,7.867287527375561,0.8913967942427217,0.4748603351955307,0.5414012738853503,0.5059523809523809,0.06853809697411592,5110,376,288,340,0.7686273223561539,0.552122536906813
sen_only,42,hybrid,0.1,6.321734783442054,0.844946025515211,0.35074626865671643,0.5987261146496815,0.4423529411764706,0.12686839227123586,4790,696,252,376,0.7686273223561539,0.552122536906813
sen_only,7,unsup,0.001,30.791229000984586,0.8965291421087099,0.0,0.0,0.0,0.0,5476,0,632,0,0.8813109102088748,0.693536200214441
sen_only,7,unsup,0.002,29.59311483655279,0.8965291421087099,0.0,0.0,0.0,0.0,5476,0,632,0,0.8813109102088748,0.693536200214441
sen_only,7,unsup,0.005,28.66415732785288,0.8966928618205632,1.0,0.0015822784810126582,0.00315955766192733,0.0,5476,0,631,1,0.8813109102088748,0.693536200214441
sen_only,7,unsup,0.01,22.526819405645714,0.9079895219384414,1.0,0.11075949367088607,0.19943019943019943,0.0,5476,0,562,70,0.8813109102088748,0.693536200214441
sen_only,7,unsup,0.02,15.995714335546042,0.9233791748526523,0.9555555555555556,0.2721518987341772,0.4236453201970443,0.0014609203798392986,5468,8,460,172,0.8813109102088748,0.693536200214441
sen_only,7,unsup,0.05,10.133613622562736,0.9392599869024231,0.8287153652392947,0.5205696202531646,0.6394557823129252,0.012417823228634037,5408,68,303,329,0.8813109102088748,0.693536200214441
sen_only,7,unsup,0.1,6.06338176689144,0.9035690897184021,0.5263157894736842,0.680379746835443,0.5935127674258109,0.07067202337472607,5089,387,202,430,0.8813109102088748,0.693536200214441
sen_only,7,semisup,0.001,36.70815531581617,0.8965291421087099,0.0,0.0,0.0,0.0,5476,0,632,0,0.8787791490601105,0.6879893239611752
sen_only,7,semisup,0.002,35.91303384597314,0.8965291421087099,0.0,0.0,0.0,0.0,5476,0,632,0,0.8787791490601105,0.6879893239611752
sen_only,7,semisup,0.005,33.316954716741186,0.8966928618205632,1.0,0.0015822784810126582,0.00315955766192733,0.0,5476,0,631,1,0.8787791490601105,0.6879893239611752
sen_only,7,semisup,0.01,21.90483486184144,0.9119187950229207,0.9895833333333334,0.15031645569620253,0.260989010989011,0.00018261504747991232,5475,1,537,95,0.8787791490601105,0.6879893239611752
sen_only,7,semisup,0.02,15.12134338291935,0.9240340537000655,0.9375,0.2848101265822785,0.4368932038834951,0.0021913805697589476,5464,12,452,180,0.8787791490601105,0.6879893239611752
sen_only,7,semisup,0.05,8.500792059908237,0.941879502292076,0.8488664987405542,0.5332278481012658,0.6550048590864918,0.010956902848794739,5416,60,295,337,0.8787791490601105,0.6879893239611752
sen_only,7,semisup,0.1,4.4106937456914475,0.9052062868369352,0.5321992709599028,0.6930379746835443,0.6020618556701031,0.07030679327976624,5091,385,194,438,0.8787791490601105,0.6879893239611752
sen_only,7,hybrid,0.001,30.791229000984586,0.8965291421087099,0.0,0.0,0.0,0.0,5476,0,632,0,0.8813109102088748,0.693536200214441
sen_only,7,hybrid,0.002,29.59311483655279,0.8965291421087099,0.0,0.0,0.0,0.0,5476,0,632,0,0.8813109102088748,0.693536200214441
sen_only,7,hybrid,0.005,28.66415732785288,0.8966928618205632,1.0,0.0015822784810126582,0.00315955766192733,0.0,5476,0,631,1,0.8813109102088748,0.693536200214441
sen_only,7,hybrid,0.01,22.526819405645714,0.9079895219384414,1.0,0.11075949367088607,0.19943019943019943,0.0,5476,0,562,70,0.8813109102088748,0.693536200214441
sen_only,7,hybrid,0.02,15.995714335546042,0.9233791748526523,0.9555555555555556,0.2721518987341772,0.4236453201970443,0.0014609203798392986,5468,8,460,172,0.8813109102088748,0.693536200214441
sen_only,7,hybrid,0.05,10.133613622562736,0.9392599869024231,0.8287153652392947,0.5205696202531646,0.6394557823129252,0.012417823228634037,5408,68,303,329,0.8813109102088748,0.693536200214441
sen_only,7,hybrid,0.1,6.06338176689144,0.9035690897184021,0.5263157894736842,0.680379746835443,0.5935127674258109,0.07067202337472607,5089,387,202,430,0.8813109102088748,0.693536200214441
sen_only,123,unsup,0.001,4.181869249292295,0.9365429917550059,0.9502262443438914,0.3333333333333333,0.4935370152761457,0.0017851346965271013,6151,11,420,210,0.8415261484881739,0.6309665241304235
sen_only,123,unsup,0.002,3.3791757558692708,0.9487632508833922,0.8960674157303371,0.5063492063492063,0.6470588235294118,0.006004543979227523,6125,37,311,319,0.8415261484881739,0.6309665241304235
sen_only,123,unsup,0.005,2.9967333006219543,0.9465547703180212,0.8522427440633246,0.5126984126984127,0.6402378592666006,0.009087958455047061,6106,56,307,323,0.8415261484881739,0.6309665241304235
sen_only,123,unsup,0.01,2.64344441475955,0.9396348645465253,0.7546296296296297,0.5174603174603175,0.6139359698681732,0.017202207075624795,6056,106,304,326,0.8415261484881739,0.6309665241304235
sen_only,123,unsup,0.02,2.2529203800843645,0.927414605418139,0.6294896030245747,0.5285714285714286,0.5746333045729077,0.03180785459266471,5966,196,297,333,0.8415261484881739,0.6309665241304235
sen_only,123,unsup,0.05,1.642119406843673,0.9022379269729093,0.4765840220385675,0.5492063492063493,0.5103244837758112,0.06166828951639077,5782,380,284,346,0.8415261484881739,0.6309665241304235
sen_only,123,unsup,0.1,1.0518885276811876,0.8639575971731449,0.37217391304347824,0.6793650793650794,0.48089887640449436,0.11716975008114247,5440,722,202,428,0.8415261484881739,0.6309665241304235
sen_only,123,semisup,0.001,8.575570930191855,0.9194640753828033,0.9191919191919192,0.14444444444444443,0.2496570644718793,0.0012982797792924373,6154,8,539,91,0.8141929800157648,0.5666308067236162
sen_only,123,semisup,0.002,7.87065495245037,0.9306537102473498,0.8994974874371859,0.2841269841269841,0.43184559710494574,0.003245699448231093,6142,20,451,179,0.8141929800157648,0.5666308067236162
sen_only,123,semisup,0.005,6.852205801219212,0.9349234393404005,0.8405797101449275,0.3682539682539683,0.5121412803532008,0.007140538786108405,6118,44,398,232,0.8141929800157648,0.5666308067236162
sen_only,123,semisup,0.01,6.10390505148946,0.9324204946996466,0.7435897435897436,0.4142857142857143,0.5321100917431193,0.01460564751703992,6072,90,369,261,0.8141929800157648,0.5666308067236162
sen_only,123,semisup,0.02,5.478285694065385,0.9263839811542992,0.6444444444444445,0.4603174603174603,0.5370370370370371,0.025965595585848746,6002,160,340,290,0.8141929800157648,0.5666308067236162
sen_only,123,semisup,0.05,4.866747752153025,0.9129858657243817,0.531810766721044,0.5174603174603175,0.5245374094931617,0.04657578708211619,5875,287,304,326,0.8141929800157648,0.5666308067236162
sen_only,123,semisup,0.1,3.9786916368143714,0.8829505300353356,0.41343126967471144,0.6253968253968254,0.4977890082122552,0.09071729957805906,5603,559,236,394,0.8141929800157648,0.5666308067236162
sen_only,123,hybrid,0.001,4.181869249292295,0.9365429917550059,0.9502262443438914,0.3333333333333333,0.4935370152761457,0.0017851346965271013,6151,11,420,210,0.8415261484881739,0.6309665241304235
sen_only,123,hybrid,0.002,3.3791757558692708,0.9487632508833922,0.8960674157303371,0.5063492063492063,0.6470588235294118,0.006004543979227523,6125,37,311,319,0.8415261484881739,0.6309665241304235
sen_only,123,hybrid,0.005,2.9967333006219543,0.9465547703180212,0.8522427440633246,0.5126984126984127,0.6402378592666006,0.009087958455047061,6106,56,307,323,0.8415261484881739,0.6309665241304235
sen_only,123,hybrid,0.01,2.64344441475955,0.9396348645465253,0.7546296296296297,0.5174603174603175,0.6139359698681732,0.017202207075624795,6056,106,304,326,0.8415261484881739,0.6309665241304235
sen_only,123,hybrid,0.02,2.2529203800843645,0.927414605418139,0.6294896030245747,0.5285714285714286,0.5746333045729077,0.03180785459266471,5966,196,297,333,0.8415261484881739,0.6309665241304235
sen_only,123,hybrid,0.05,1.642119406843673,0.9022379269729093,0.4765840220385675,0.5492063492063493,0.5103244837758112,0.06166828951639077,5782,380,284,346,0.8415261484881739,0.6309665241304235
sen_only,123,hybrid,0.1,1.0518885276811876,0.8639575971731449,0.37217391304347824,0.6793650793650794,0.48089887640449436,0.11716975008114247,5440,722,202,428,0.8415261484881739,0.6309665241304235
sen_only,2024,unsup,0.001,6.703821914713061,0.9356776556776557,0.9282511210762332,0.32857142857142857,0.48534583821805394,0.0025827280064568197,6179,16,423,207,0.7308869159716617,0.5340177350901423
sen_only,2024,unsup,0.002,6.171366611850157,0.9403663003663003,0.9054545454545454,0.3952380952380952,0.5502762430939226,0.004196933010492332,6169,26,381,249,0.7308869159716617,0.5340177350901423
sen_only,2024,unsup,0.005,5.682379341102684,0.9389010989010989,0.8710801393728222,0.3968253968253968,0.5452562704471101,0.0059725585149313955,6158,37,380,250,0.7308869159716617,0.5340177350901423
sen_only,2024,unsup,0.01,5.241377395970044,0.9347985347985348,0.7777777777777778,0.4111111111111111,0.5379023883696781,0.011945117029862791,6121,74,371,259,0.7308869159716617,0.5340177350901423
sen_only,2024,unsup,0.02,4.473358998631766,0.9243956043956044,0.6376811594202898,0.41904761904761906,0.5057471264367817,0.024213075060532684,6045,150,366,264,0.7308869159716617,0.5340177350901423
sen_only,2024,unsup,0.05,3.548822608370989,0.8987545787545788,0.4522691705790297,0.4587301587301587,0.45547675334909377,0.05649717514124293,5845,350,341,289,0.7308869159716617,0.5340177350901423
sen_only,2024,unsup,0.1,3.005345024017319,0.873992673992674,0.36990950226244346,0.5190476190476191,0.4319682959048877,0.08991121872477803,5638,557,303,327,0.7308869159716617,0.5340177350901423
sen_only,2024,semisup,0.001,10.797266618671449,0.9198534798534799,0.9368421052631579,0.14126984126984127,0.24551724137931036,0.0009685230024213074,6189,6,541,89,0.7318931037575104,0.5415454711306357
sen_only,2024,semisup,0.002,6.588366784838448,0.9353846153846154,0.9055793991416309,0.3349206349206349,0.48899188876013905,0.003551251008878127,6173,22,419,211,0.7318931037575104,0.5415454711306357
sen_only,2024,semisup,0.005,4.232334066170618,0.9358241758241759,0.8478260869565217,0.37142857142857144,0.5165562913907285,0.0067796610169491515,6153,42,396,234,0.7318931037575104,0.5415454711306357
sen_only,2024,semisup,0.01,3.5024257139469617,0.9333333333333333,0.7831715210355987,0.38412698412698415,0.5154419595314164,0.010815173527037932,6128,67,388,242,0.7318931037575104,0.5415454711306357
sen_only,2024,semisup,0.02,2.8672279600265975,0.9334798534798535,0.7018348623853211,0.4857142857142857,0.574108818011257,0.02098466505246166,6065,130,324,306,0.7318931037575104,0.5415454711306357
sen_only,2024,semisup,0.05,2.2516943922225634,0.9081318681318681,0.5022556390977444,0.5301587301587302,0.5158301158301158,0.053430185633575454,5864,331,296,334,0.7318931037575104,0.5415454711306357
sen_only,2024,semisup,0.1,1.727051610349514,0.8596336996336996,0.3413926499032882,0.5603174603174603,0.42427884615384615,0.10992736077481839,5514,681,277,353,0.7318931037575104,0.5415454711306357
sen_only,2024,hybrid,0.001,7.065561560113567,0.9367032967032967,0.9541284403669725,0.33015873015873015,0.49056603773584906,0.0016142050040355122,6185,10,422,208,0.7331237429058253,0.5400204132599364
sen_only,2024,hybrid,0.002,5.819373287465542,0.939047619047619,0.9147286821705426,0.3746031746031746,0.5315315315315315,0.003551251008878127,6173,22,394,236,0.7331237429058253,0.5400204132599364
sen_only,2024,hybrid,0.005,5.282312336115488,0.9396336996336996,0.8758620689655172,0.4031746031746032,0.5521739130434783,0.005811138014527844,6159,36,376,254,0.7331237429058253,0.5400204132599364
sen_only,2024,hybrid,0.01,4.697451899494787,0.9343589743589743,0.7692307692307693,0.4126984126984127,0.5371900826446281,0.012590799031476996,6117,78,370,260,0.7331237429058253,0.5400204132599364
sen_only,2024,hybrid,0.02,4.014399256192147,0.9255677655677655,0.6473429951690821,0.4253968253968254,0.5134099616858238,0.02356739305891848,6049,146,362,268,0.7331237429058253,0.5400204132599364
sen_only,2024,hybrid,0.05,3.1494743550278397,0.9008058608058608,0.465288035450517,0.5,0.4820198928844682,0.05843422114608554,5833,362,315,315,0.7331237429058253,0.5400204132599364
sen_only,2024,hybrid,0.1,2.6980989897066077,0.8770695970695971,0.3842746400885936,0.5507936507936508,0.4527071102413568,0.08974979822437448,5639,556,283,347,0.7331237429058253,0.5400204132599364
sen_only,31337,unsup,0.001,4.008476120290427,0.9070517519425304,0.0,0.0,0.0,0.0,6187,0,634,0,0.8156335738056645,0.5119495894960262
sen_only,31337,unsup,0.002,4.0069503744569595,0.9070517519425304,0.0,0.0,0.0,0.0,6187,0,634,0,0.8156335738056645,0.5119495894960262
sen_only,31337,unsup,0.005,4.006398074763548,0.9070517519425304,0.0,0.0,0.0,0.0,6187,0,634,0,0.8156335738056645,0.5119495894960262
sen_only,31337,unsup,0.01,3.9977075524877184,0.9070517519425304,0.0,0.0,0.0,0.0,6187,0,634,0,0.8156335738056645,0.5119495894960262
sen_only,31337,unsup,0.02,1.843052090524328,0.914235449347603,0.8356164383561644,0.09621451104100946,0.17256011315417255,0.0019395506707612733,6175,12,573,61,0.8156335738056645,0.5119495894960262
sen_only,31337,unsup,0.05,1.600220654335547,0.9417973904119631,0.927797833935018,0.40536277602523657,0.5642151481888035,0.003232584451268789,6167,20,377,257,0.8156335738056645,0.5119495894960262
sen_only,31337,unsup,0.1,1.5069006301889416,0.9409177539950154,0.9024390243902439,0.4085173501577287,0.5624321389793703,0.004525618231776304,6159,28,375,259,0.8156335738056645,0.5119495894960262
sen_only,31337,semisup,0.001,4.842747630847834,0.9070517519425304,0.0,0.0,0.0,0.0,6187,0,634,0,0.6001099282661977,0.16045785467635687
sen_only,31337,semisup,0.002,4.6483996004624135,0.9070517519425304,0.0,0.0,0.0,0.0,6187,0,634,0,0.6001099282661977,0.16045785467635687
sen_only,31337,semisup,0.005,2.556137377395995,0.9061721155255827,0.0,0.0,0.0,0.0009697753353806367,6181,6,634,0,0.6001099282661977,0.16045785467635687
sen_only,31337,semisup,0.01,2.277730043933448,0.9057322973171089,0.0,0.0,0.0,0.001454663003070955,6178,9,634,0,0.6001099282661977,0.16045785467635687
sen_only,31337,semisup,0.02,2.0653572474312716,0.9028001759272833,0.0,0.0,0.0,0.004687247454339744,6158,29,634,0,0.6001099282661977,0.16045785467635687
sen_only,31337,semisup,0.05,1.5977467945061294,0.8907784782289987,0.017391304347826087,0.0031545741324921135,0.0053404539385847796,0.018264102149668657,6074,113,632,2,0.6001099282661977,0.16045785467635687
sen_only,31337,semisup,0.1,1.1624012597701507,0.8799296290866442,0.061611374407582936,0.02050473186119874,0.03076923076923077,0.03200258606756101,5989,198,621,13,0.6001099282661977,0.16045785467635687
sen_only,31337,hybrid,0.001,4.008476120290427,0.9070517519425304,0.0,0.0,0.0,0.0,6187,0,634,0,0.8156335738056645,0.5119495894960262
sen_only,31337,hybrid,0.002,4.0069503744569595,0.9070517519425304,0.0,0.0,0.0,0.0,6187,0,634,0,0.8156335738056645,0.5119495894960262
sen_only,31337,hybrid,0.005,4.006398074763548,0.9070517519425304,0.0,0.0,0.0,0.0,6187,0,634,0,0.8156335738056645,0.5119495894960262
sen_only,31337,hybrid,0.01,3.9977075524877184,0.9070517519425304,0.0,0.0,0.0,0.0,6187,0,634,0,0.8156335738056645,0.5119495894960262
sen_only,31337,hybrid,0.02,1.843052090524328,0.914235449347603,0.8356164383561644,0.09621451104100946,0.17256011315417255,0.0019395506707612733,6175,12,573,61,0.8156335738056645,0.5119495894960262
sen_only,31337,hybrid,0.05,1.600220654335547,0.9417973904119631,0.927797833935018,0.40536277602523657,0.5642151481888035,0.003232584451268789,6167,20,377,257,0.8156335738056645,0.5119495894960262
sen_only,31337,hybrid,0.1,1.5069006301889416,0.9409177539950154,0.9024390243902439,0.4085173501577287,0.5624321389793703,0.004525618231776304,6159,28,375,259,0.8156335738056645,0.5119495894960262
